jaccard,distance,age_diff,bio_similarity,label
0.16666666666666666,0.6,2.0,0.15785081684589386,1.0
0.14285714285714285,63.28,1.0,0.6065310835838318,1.0
0.4,0.0,1.0,0.13315142691135406,1.0
0.5,63.28,5.0,0.45459306240081787,1.0
0.16666666666666666,68.9,3.0,0.43217796087265015,1.0
0.16666666666666666,88.57,9.0,0.5769500136375427,1.0
0.2,68.96,5.0,0.07211580127477646,1.0
0.2,68.96,9.0,0.1636577546596527,1.0
0.125,68.96,6.0,0.1512306034564972,1.0
0.2857142857142857,0.13,5.0,0.18436110019683838,1.0
0.25,0.13,10.0,0.02926827035844326,0.0
0.2,0.13,9.0,0.0217608530074358,0.0
0.1111111111111111,68.96,10.0,0.0404236875474453,1.0
0.2,68.96,3.0,0.04530451446771622,1.0
0.1111111111111111,68.96,2.0,0.031224599108099937,0.0
0.14285714285714285,68.96,5.0,0.04530451446771622,1.0
0.125,68.96,1.0,0.06395458430051804,1.0
0.125,68.96,2.0,0.0404236875474453,0.0
0.14285714285714285,0.13,5.0,0.18436110019683838,1.0
0.2857142857142857,68.96,6.0,0.05442288517951965,1.0
0.4,68.96,4.0,0.02926827035844326,1.0
0.2,68.96,6.0,0.25821220874786377,1.0
0.16666666666666666,68.96,1.0,0.0404236875474453,1.0
0.4,0.0,8.0,0.1696244776248932,1.0
0.16666666666666666,0.6,1.0,0.38722002506256104,1.0
0.16666666666666666,68.96,4.0,0.12801790237426758,1.0
0.16666666666666666,68.96,2.0,0.18585923314094543,1.0
0.4,0.13,4.0,0.30021703243255615,1.0
0.16666666666666666,0.13,7.0,0.15749593079090118,1.0
0.16666666666666666,0.13,0.0,0.15157079696655273,1.0
0.16666666666666666,0.13,8.0,0.07435449212789536,1.0
0.4,0.6,5.0,0.21653522551059723,1.0
0.16666666666666666,68.96,2.0,0.14272131025791168,1.0
0.16666666666666666,68.96,1.0,0.5080693364143372,1.0
0.4,0.13,3.0,0.3442783057689667,1.0
0.16666666666666666,0.13,2.0,0.15060417354106903,1.0
0.16666666666666666,68.96,3.0,0.4543806314468384,1.0
0.4,68.96,7.0,0.5837110877037048,1.0
0.16666666666666666,0.6,5.0,0.2594339847564697,1.0
0.4,68.96,6.0,0.48323991894721985,1.0
0.16666666666666666,68.96,9.0,0.09229382127523422,1.0
0.16666666666666666,0.6,5.0,0.25963160395622253,1.0
0.16666666666666666,0.6,4.0,0.11849356442689896,1.0
0.75,0.13,2.0,0.4504348933696747,1.0
0.4,0.13,1.0,0.36727532744407654,1.0
0.16666666666666666,0.13,5.0,0.127560555934906,1.0
0.75,0.13,10.0,0.3987638056278229,1.0
0.4,0.13,5.0,0.3534054458141327,1.0
0.16666666666666666,0.13,2.0,0.1030510887503624,1.0
0.16666666666666666,68.96,5.0,0.4044661521911621,0.0
0.16666666666666666,93.86,3.0,0.4885750710964203,1.0
0.16666666666666666,85.32,8.0,0.362272173166275,1.0
0.16666666666666666,99.77,3.0,0.2868688404560089,1.0
0.16666666666666666,87.11,4.0,0.1677820384502411,1.0
0.16666666666666666,0.13,2.0,0.09045074880123138,1.0
0.16666666666666666,85.32,10.0,0.2331399768590927,1.0
0.25,0.09,4.0,0.20162636041641235,1.0
0.25,0.0,9.0,0.6388201713562012,1.0
0.25,13.36,8.0,0.09111740440130234,1.0
0.25,0.03,5.0,0.4028407633304596,1.0
0.25,0.03,3.0,0.17691999673843384,1.0
0.16666666666666666,0.03,1.0,0.29871469736099243,1.0
0.16666666666666666,0.03,9.0,0.10932458192110062,1.0
0.25,0.03,6.0,0.19559833407402039,1.0
0.6666666666666666,0.03,5.0,0.2153102606534958,1.0
0.25,0.03,5.0,0.28528305888175964,1.0
0.25,0.03,1.0,0.12761664390563965,1.0
0.25,92.44,5.0,0.282443106174469,1.0
0.6666666666666666,0.03,1.0,0.21036161482334137,1.0
0.25,0.03,9.0,0.3310104012489319,1.0
0.25,0.03,1.0,0.30746617913246155,1.0
0.25,92.44,0.0,0.2930859923362732,1.0
0.5,98.76,2.0,0.29021453857421875,1.0
0.2,38.23,4.0,0.528089165687561,1.0
0.2,63.28,0.0,0.3498809039592743,1.0
0.16666666666666666,0.0,7.0,0.19867153465747833,1.0
0.2,71.22,0.0,0.09376462548971176,1.0
0.2,63.29,3.0,0.09270761907100677,1.0
0.2,71.22,2.0,0.0777062326669693,1.0
0.2,71.22,1.0,0.18698564171791077,1.0
0.5,71.22,8.0,0.31014880537986755,1.0
0.2,63.18,6.0,0.38601112365722656,1.0
0.2,71.22,5.0,0.46878230571746826,1.0
0.5,80.45,9.0,0.08301489055156708,1.0
0.25,63.29,0.0,0.3258841931819916,1.0
0.14285714285714285,80.01,0.0,0.04012705758213997,1.0
0.2857142857142857,80.01,4.0,0.01767107844352722,1.0
0.25,80.01,9.0,0.025808896869421005,1.0
0.3333333333333333,63.26,2.0,0.14909327030181885,1.0
0.2,80.01,8.0,0.2207513451576233,1.0
0.14285714285714285,80.01,5.0,0.1860768347978592,0.0
0.14285714285714285,63.26,8.0,0.1675758808851242,1.0
0.125,63.26,8.0,0.12926419079303741,1.0
0.2,80.01,2.0,0.20728735625743866,1.0
0.2,63.28,9.0,0.14802663028240204,1.0
0.2,63.26,1.0,0.20709744095802307,1.0
0.2,62.88,5.0,0.10833355784416199,1.0
0.25,63.26,4.0,0.2612047791481018,1.0
0.2,63.26,1.0,0.3716653287410736,1.0
0.2,63.26,1.0,0.11850752681493759,1.0
0.2,80.01,6.0,0.3818381130695343,1.0
0.2,62.88,2.0,0.41672149300575256,1.0
0.2,80.01,5.0,0.10877189040184021,1.0
0.2,80.01,6.0,0.017056291922926903,1.0
0.2,63.26,1.0,0.4313367009162903,1.0
0.2,80.01,1.0,0.061393506824970245,1.0
0.2,65.06,7.0,0.023661179468035698,1.0
0.2,51.58,5.0,0.16518616676330566,1.0
0.2,62.88,7.0,0.3603675067424774,1.0
0.2,80.01,5.0,0.07815586030483246,1.0
0.2,62.88,2.0,0.3308044373989105,1.0
0.2,62.88,4.0,0.5351937413215637,1.0
0.2,62.88,1.0,0.3907219171524048,1.0
0.2,80.01,3.0,0.27287206053733826,1.0
0.2,65.06,6.0,0.1386106163263321,1.0
0.2,80.01,3.0,0.4738404154777527,1.0
0.2,63.26,6.0,0.45547541975975037,1.0
0.2,80.01,1.0,0.04787931591272354,1.0
0.5,80.01,0.0,0.1599321961402893,1.0
0.2,51.58,0.0,0.5398507714271545,1.0
0.2,92.24,1.0,0.5073703527450562,1.0
0.25,0.0,5.0,0.28341180086135864,1.0
0.2,0.0,3.0,0.15923118591308594,1.0
0.5,0.0,7.0,0.058075398206710815,1.0
0.5,0.24,5.0,0.6269247531890869,1.0
0.5,86.31,3.0,0.5311835408210754,1.0
0.2,89.89,2.0,0.1434987634420395,1.0
0.2,0.0,1.0,0.1436694711446762,1.0
0.2,0.0,8.0,0.07880827784538269,1.0
0.25,0.0,6.0,0.22349992394447327,0.0
0.125,0.0,6.0,0.28914880752563477,1.0
0.125,0.0,0.0,0.07880827784538269,1.0
0.14285714285714285,0.0,3.0,0.217753604054451,1.0
0.2,0.0,8.0,0.28693488240242004,1.0
1.0,0.0,5.0,0.2525494694709778,1.0
0.2,0.0,2.0,0.30989065766334534,1.0
0.2,0.0,0.0,0.1175217255949974,0.0
0.2,0.0,3.0,0.3636137843132019,1.0
0.2,0.0,4.0,0.26258257031440735,1.0
0.2,0.0,9.0,0.2241641879081726,1.0
0.2,0.0,1.0,0.22609896957874298,1.0
0.2,0.0,9.0,0.2308414876461029,0.0
0.2,0.0,6.0,0.30601322650909424,0.0
0.5,78.42,5.0,0.4042651355266571,1.0
0.5,0.0,7.0,0.24844670295715332,1.0
0.5,78.42,0.0,0.3793695867061615,1.0
0.2,0.56,6.0,0.2585527002811432,1.0
0.16666666666666666,0.0,4.0,0.4089584946632385,1.0
0.2,0.0,1.0,0.23281385004520416,1.0
0.2,0.0,5.0,0.5848207473754883,1.0
0.2,0.12,6.0,0.7709923386573792,1.0
0.2,68.9,9.0,0.21654170751571655,0.0
0.2,0.13,4.0,0.411327600479126,1.0
0.125,68.96,4.0,0.2077159583568573,1.0
0.2,68.96,1.0,0.19561238586902618,1.0
0.3333333333333333,0.13,2.0,0.369299978017807,1.0
0.125,68.96,0.0,0.4418101906776428,1.0
0.2,68.96,8.0,0.19820773601531982,1.0
0.25,68.96,8.0,0.061221301555633545,0.0
0.16666666666666666,0.13,1.0,0.24523860216140747,1.0
0.14285714285714285,0.13,8.0,0.21753762662410736,1.0
0.125,0.13,8.0,0.18683341145515442,1.0
0.25,0.13,4.0,0.2055359184741974,1.0
0.2,68.96,2.0,0.17238271236419678,1.0
0.2,0.13,8.0,0.21753762662410736,1.0
0.16666666666666666,0.13,7.0,0.2055359184741974,1.0
0.2,0.13,4.0,0.34105753898620605,1.0
0.5,0.0,9.0,0.18519216775894165,1.0
0.2,0.6,5.0,0.3271732032299042,1.0
0.2,0.13,1.0,0.42977046966552734,1.0
0.2,0.13,4.0,0.35728973150253296,1.0
0.2,68.96,4.0,0.31132689118385315,1.0
0.2,0.13,4.0,0.29862552881240845,1.0
0.2,68.96,5.0,0.25979384779930115,1.0
0.2,68.96,6.0,0.19840723276138306,1.0
0.2,0.13,1.0,0.3764287531375885,1.0
0.2,68.96,6.0,0.4267144501209259,1.0
0.2,68.96,1.0,0.2807503938674927,1.0
0.2,93.86,5.0,0.25169864296913147,1.0
0.2,0.6,7.0,0.4072452783584595,1.0
0.2,68.96,5.0,0.11465134471654892,1.0
0.2,0.6,2.0,0.3784538209438324,1.0
0.2,68.96,6.0,0.32159414887428284,1.0
0.5,68.96,3.0,0.2797587811946869,1.0
0.2,0.13,6.0,0.3128903806209564,1.0
0.2,0.13,0.0,0.46655261516571045,1.0
0.2,0.13,4.0,0.3280460834503174,1.0
0.2,0.13,4.0,0.28321313858032227,1.0
0.2,68.96,1.0,0.17669999599456787,1.0
0.2,87.11,2.0,0.33109498023986816,1.0
0.2,0.09,5.0,0.42660728096961975,1.0
0.2,0.09,5.0,0.3221339285373688,1.0
0.2,0.09,2.0,0.2259128987789154,1.0
0.5,91.66,9.0,0.1875559240579605,0.0
0.4,0.09,2.0,0.35185927152633667,1.0
0.2,0.09,6.0,0.15120890736579895,0.0
0.2,0.08,5.0,0.24073754251003265,0.0
0.2,25.4,4.0,0.5154054760932922,1.0
0.25,0.08,0.0,0.7991124391555786,1.0
0.25,0.08,4.0,0.4087139368057251,1.0
0.14285714285714285,0.08,3.0,0.03787996247410774,1.0
0.16666666666666666,0.08,1.0,0.05427456274628639,1.0
0.14285714285714285,0.08,5.0,0.275412917137146,1.0
0.125,0.08,1.0,0.09276211261749268,1.0
0.2,0.08,2.0,0.09276211261749268,1.0
0.5,0.08,3.0,0.3609544634819031,1.0
0.2,0.08,0.0,0.3026842772960663,1.0
0.2,0.08,1.0,0.3679058849811554,0.0
0.5,0.08,1.0,0.4152485132217407,1.0
0.2,0.08,0.0,0.3476064205169678,1.0
0.2,0.08,3.0,0.6392884254455566,1.0
0.2,0.08,8.0,0.3692627549171448,1.0
0.5,0.08,5.0,0.628861129283905,1.0
0.2,0.08,2.0,0.35134565830230713,1.0
0.2,0.08,5.0,0.4593057632446289,1.0
0.2,0.08,8.0,0.3194955289363861,1.0
0.2,92.35,8.0,0.23032791912555695,0.0
0.2,0.08,9.0,0.44833701848983765,1.0
0.5,0.08,6.0,0.33766499161720276,1.0
0.2,0.08,9.0,0.42348602414131165,1.0
0.2,0.08,3.0,0.3162992298603058,1.0
0.2,0.08,5.0,0.3301343023777008,1.0
0.5,0.08,1.0,0.6678685545921326,1.0
0.2,0.08,8.0,0.29092827439308167,0.0
0.2,0.08,0.0,0.2948884963989258,1.0
0.2,0.08,5.0,0.3449031114578247,1.0
0.2,0.08,5.0,0.38937193155288696,1.0
0.5,0.08,3.0,0.4508401155471802,1.0
0.2,36.04,7.0,0.5802614688873291,1.0
0.2,36.01,1.0,0.127738818526268,1.0
0.16666666666666666,0.0,1.0,0.556368350982666,1.0
0.2,36.01,2.0,0.17829838395118713,1.0
0.2,94.9,3.0,0.2762826383113861,1.0
0.25,36.01,8.0,0.2999701499938965,1.0
0.2,77.35,8.0,0.28823503851890564,1.0
0.5,77.35,7.0,0.24415691196918488,1.0
0.5,77.35,10.0,0.43706056475639343,1.0
0.2,77.35,8.0,0.21709325909614563,1.0
0.2,36.01,3.0,0.2517584562301636,1.0
0.2,36.01,3.0,0.5327086448669434,1.0
0.2,36.01,2.0,0.33230432868003845,1.0
0.5,77.35,6.0,0.4043772220611572,1.0
0.2,1.65,5.0,0.6208111047744751,1.0
0.2,1.57,7.0,0.27755007147789,0.0
0.16666666666666666,1.36,5.0,0.5002918839454651,1.0
0.5,1.36,2.0,0.21168044209480286,1.0
0.25,94.13,5.0,0.6925750970840454,1.0
0.2,1.44,5.0,0.6053733825683594,1.0
0.25,1.39,4.0,0.50162273645401,1.0
0.14285714285714285,69.84,1.0,0.15259404480457306,1.0
0.125,69.84,3.0,0.3658052086830139,1.0
0.16666666666666666,1.44,10.0,0.26398372650146484,1.0
0.125,69.84,1.0,0.26398372650146484,1.0
0.125,69.84,9.0,0.3097463548183441,1.0
0.25,69.84,5.0,0.2774808704853058,1.0
0.16666666666666666,1.44,1.0,0.08599582314491272,1.0
0.14285714285714285,69.84,1.0,0.2371615320444107,1.0
0.125,69.84,4.0,0.26398372650146484,1.0
0.2,1.44,5.0,0.432192862033844,1.0
0.2,1.65,9.0,0.30169472098350525,1.0
0.2,1.36,2.0,0.45656856894493103,1.0
0.2,1.44,3.0,0.40210530161857605,1.0
0.2,69.84,4.0,0.46749046444892883,1.0
0.25,1.44,3.0,0.48230138421058655,1.0
0.2,1.44,0.0,0.36697691679000854,1.0
0.2,1.44,3.0,0.31841593980789185,1.0
0.2,1.44,5.0,0.4947962164878845,1.0
0.2,1.44,2.0,0.49021920561790466,1.0
0.2,1.44,3.0,0.2030511200428009,1.0
0.2,69.84,5.0,0.3678983747959137,1.0
0.2,69.84,7.0,0.549507737159729,1.0
0.2,1.44,5.0,0.35556402802467346,0.0
0.2,69.84,3.0,0.33532410860061646,1.0
0.2,69.84,7.0,0.42276719212532043,1.0
0.2,69.84,4.0,0.41707751154899597,1.0
0.2,1.65,2.0,0.4604986011981964,1.0
0.2,1.65,6.0,0.44987887144088745,1.0
0.2,1.65,1.0,0.3480691909790039,1.0
0.2,1.65,2.0,0.5814939141273499,1.0
0.2,69.84,2.0,0.3199760913848877,1.0
0.2,1.44,7.0,0.5367103815078735,1.0
0.2,1.44,2.0,0.38775160908699036,1.0
0.2,1.44,8.0,0.4505593478679657,1.0
0.2,1.44,8.0,0.30070775747299194,1.0
0.2,1.44,1.0,0.5030313730239868,1.0
0.2,1.44,5.0,0.375784307718277,1.0
0.5,69.84,4.0,0.3736877739429474,1.0
0.25,0.0,6.0,0.23681089282035828,1.0
0.25,0.0,2.0,0.23096521198749542,1.0
0.25,89.89,3.0,0.5304228663444519,1.0
0.14285714285714285,0.0,3.0,0.11016301065683365,1.0
0.25,0.0,6.0,0.3783552944660187,1.0
0.3333333333333333,0.0,1.0,0.3611588180065155,1.0
0.14285714285714285,0.0,3.0,0.03863690793514252,1.0
0.25,0.0,3.0,0.37126582860946655,1.0
0.25,0.0,0.0,0.47721531987190247,1.0
0.25,0.0,7.0,0.5189029574394226,1.0
0.25,0.0,8.0,0.5899348855018616,1.0
0.25,0.0,5.0,0.348704993724823,1.0
0.25,0.0,4.0,0.23576879501342773,1.0
0.25,0.0,4.0,0.4449521601200104,1.0
0.25,0.0,1.0,0.4080483317375183,1.0
0.25,0.0,1.0,0.4436667561531067,1.0
0.25,78.42,0.0,0.14544546604156494,1.0
0.25,0.0,2.0,0.17850209772586823,1.0
0.25,78.42,1.0,0.4270048439502716,1.0
0.6666666666666666,78.42,5.0,0.7332713603973389,1.0
0.25,62.88,1.0,0.21934205293655396,1.0
0.2,0.6,3.0,0.1348235160112381,1.0
0.25,93.68,10.0,0.5498518347740173,0.0
0.25,69.29,7.0,0.4999476373195648,1.0
0.14285714285714285,0.69,7.0,0.33280065655708313,1.0
0.14285714285714285,69.29,4.0,0.1278305947780609,0.0
0.25,0.69,7.0,0.1278305947780609,1.0
0.3333333333333333,0.69,7.0,0.46675047278404236,1.0
0.25,69.29,10.0,0.3346073627471924,0.0
0.4,69.29,7.0,0.261657178401947,1.0
0.14285714285714285,69.29,4.0,0.2711138427257538,1.0
0.125,69.29,9.0,0.24420376121997833,0.0
0.25,0.69,7.0,0.31854915618896484,1.0
0.25,69.29,4.0,0.24420376121997833,1.0
0.2,69.29,1.0,0.43350809812545776,1.0
0.3333333333333333,69.29,8.0,0.3998278081417084,1.0
0.2,0.6,7.0,0.4487835466861725,1.0
0.2,0.6,6.0,0.44804415106773376,1.0
0.2,0.69,2.0,0.3632267117500305,1.0
0.2,0.69,6.0,0.3775981068611145,1.0
0.2,69.29,9.0,0.39035293459892273,1.0
0.2,69.29,4.0,0.46006840467453003,1.0
0.2,0.69,1.0,0.5717278122901917,1.0
0.2,69.29,9.0,0.3244398236274719,0.0
0.2,0.69,0.0,0.4986010491847992,1.0
0.2,0.69,1.0,0.4751306474208832,1.0
0.2,0.69,7.0,0.4227457344532013,0.0
0.2,0.69,8.0,0.40034377574920654,1.0
0.2,0.69,5.0,0.546493411064148,1.0
0.2,87.43,2.0,0.48114070296287537,1.0
0.5,0.69,0.0,0.414572536945343,1.0
0.14285714285714285,0.0,3.0,0.06218789517879486,1.0
0.16666666666666666,0.0,4.0,0.09997768700122833,0.0
0.16666666666666666,0.0,1.0,0.3288995623588562,0.0
0.75,0.0,5.0,0.49010908603668213,1.0
0.2,0.0,1.0,0.33974674344062805,1.0
0.16666666666666666,0.41,1.0,0.23780100047588348,1.0
0.16666666666666666,56.94,1.0,0.26492974162101746,1.0
0.16666666666666666,0.0,9.0,0.3985665440559387,1.0
0.16666666666666666,0.0,2.0,0.2732827663421631,1.0
0.16666666666666666,0.0,4.0,0.2634350657463074,1.0
0.16666666666666666,0.0,0.0,0.3370772898197174,1.0
0.16666666666666666,0.0,1.0,0.22953389585018158,1.0
0.16666666666666666,0.0,3.0,0.44881588220596313,1.0
0.16666666666666666,0.0,7.0,0.3594014048576355,0.0
0.16666666666666666,0.0,1.0,0.3245507478713989,1.0
0.16666666666666666,0.0,7.0,0.26922607421875,0.0
0.16666666666666666,0.0,8.0,0.26733702421188354,0.0
0.16666666666666666,0.0,2.0,0.32106930017471313,1.0
0.14285714285714285,44.51,2.0,0.2618659734725952,1.0
0.25,44.51,3.0,0.12932126224040985,1.0
0.16666666666666666,44.51,4.0,0.4845210611820221,0.0
0.2,44.51,8.0,0.14512023329734802,0.0
0.2,44.51,10.0,0.14909714460372925,1.0
0.2,44.51,9.0,0.40868955850601196,1.0
0.2,44.51,8.0,0.43517011404037476,1.0
0.2,44.51,3.0,0.4540019631385803,1.0
0.2,44.51,6.0,0.2660374045372009,1.0
0.2,0.0,6.0,0.339326947927475,0.0
0.2,81.19,3.0,0.20802807807922363,1.0
0.2,0.0,4.0,0.4012560546398163,1.0
0.25,0.68,3.0,0.2522388994693756,1.0
0.25,0.0,10.0,0.39487868547439575,1.0
0.2,0.18,8.0,0.16209754347801208,1.0
0.2,89.89,9.0,0.41346868872642517,1.0
0.2,0.0,0.0,0.2813740074634552,1.0
0.25,0.0,5.0,0.19529204070568085,1.0
0.2,0.0,3.0,0.10553891956806183,1.0
0.2,0.0,1.0,0.08117716014385223,1.0
0.25,0.0,6.0,0.1736021488904953,1.0
0.2,0.0,5.0,0.23772159218788147,1.0
0.2,0.0,3.0,0.24358004331588745,1.0
0.2,0.0,6.0,0.16743089258670807,1.0
0.2,0.0,2.0,0.3055673837661743,1.0
0.2,78.42,3.0,0.24450424313545227,1.0
0.2,0.0,1.0,0.19390282034873962,1.0
0.2,0.0,7.0,0.25311538577079773,1.0
0.2,0.0,2.0,0.33418017625808716,1.0
0.2,0.0,5.0,0.23033303022384644,1.0
0.2,0.0,10.0,0.26068246364593506,0.0
0.2,0.0,9.0,0.18095630407333374,0.0
0.2,78.42,6.0,0.15605291724205017,1.0
0.2,0.0,4.0,0.2665916979312897,1.0
0.2,0.0,3.0,0.3108404278755188,1.0
0.16666666666666666,71.22,8.0,0.22171436250209808,0.0
0.4,71.22,7.0,0.5072523355484009,1.0
0.4,71.22,1.0,0.6592527031898499,1.0
0.2,0.0,4.0,0.2848019003868103,0.0
0.16666666666666666,63.28,2.0,0.08070096373558044,0.0
0.2,0.0,6.0,0.6173542737960815,1.0
0.16666666666666666,71.22,3.0,0.163914293050766,0.0
0.16666666666666666,80.45,2.0,0.38905274868011475,1.0
0.2,80.01,9.0,0.14715619385242462,0.0
0.125,80.01,7.0,0.1247277557849884,0.0
0.16666666666666666,80.01,8.0,0.09407105296850204,0.0
0.16666666666666666,63.26,5.0,0.22287636995315552,1.0
0.25,80.01,1.0,0.04063228890299797,1.0
0.125,80.01,3.0,0.2036832869052887,0.0
0.125,80.01,2.0,0.029857778921723366,1.0
0.125,80.01,1.0,0.1964438259601593,1.0
0.14285714285714285,63.26,9.0,0.08470592647790909,0.0
0.125,80.01,7.0,0.09407105296850204,1.0
0.25,63.26,6.0,0.15532347559928894,1.0
0.125,63.26,1.0,0.04063228890299797,1.0
0.16666666666666666,80.01,5.0,0.013084184378385544,1.0
0.2,63.26,3.0,0.22287636995315552,0.0
0.2,80.01,7.0,0.23537717759609222,0.0
0.4,80.01,2.0,0.1964438259601593,1.0
0.14285714285714285,63.26,0.0,0.04666002467274666,0.0
0.16666666666666666,63.26,6.0,0.22326688468456268,0.0
0.16666666666666666,51.58,10.0,0.2375541776418686,0.0
0.16666666666666666,62.88,2.0,0.49708878993988037,1.0
0.4,51.58,1.0,0.16186967492103577,1.0
0.16666666666666666,63.26,8.0,0.20265689492225647,1.0
0.16666666666666666,63.26,6.0,0.19252313673496246,0.0
0.16666666666666666,63.26,1.0,0.20787057280540466,1.0
0.16666666666666666,63.26,5.0,0.21905109286308289,0.0
0.16666666666666666,62.88,6.0,0.2550697326660156,1.0
0.16666666666666666,80.01,1.0,0.11433546990156174,0.0
0.16666666666666666,80.01,1.0,0.24135662615299225,1.0
0.16666666666666666,62.88,5.0,0.1321740299463272,0.0
0.16666666666666666,62.88,1.0,0.1672619730234146,0.0
0.16666666666666666,80.01,2.0,0.5637345910072327,1.0
0.16666666666666666,63.26,4.0,0.39443308115005493,1.0
0.16666666666666666,80.01,1.0,0.4182179272174835,1.0
0.16666666666666666,63.26,1.0,0.18943670392036438,1.0
0.16666666666666666,80.01,4.0,0.47706565260887146,1.0
0.16666666666666666,65.06,0.0,0.2303621917963028,1.0
0.16666666666666666,65.06,1.0,0.28494083881378174,0.0
0.16666666666666666,62.88,9.0,0.23515909910202026,0.0
0.16666666666666666,80.01,7.0,0.46845176815986633,1.0
0.16666666666666666,62.88,0.0,0.1565093845129013,1.0
0.16666666666666666,62.88,6.0,0.3204769492149353,1.0
0.16666666666666666,62.88,3.0,0.1423996090888977,0.0
0.16666666666666666,62.88,8.0,0.15354768931865692,1.0
0.16666666666666666,65.06,1.0,0.20695756375789642,1.0
0.16666666666666666,63.26,1.0,0.13877514004707336,0.0
0.16666666666666666,63.26,3.0,0.4896581470966339,1.0
0.16666666666666666,63.26,6.0,0.1426219493150711,0.0
0.16666666666666666,63.26,0.0,0.21303795278072357,1.0
0.16666666666666666,63.26,6.0,0.43223172426223755,1.0
0.16666666666666666,63.26,3.0,0.2206219583749771,0.0
0.16666666666666666,80.01,7.0,0.2500225901603699,1.0
0.16666666666666666,63.26,6.0,0.22788982093334198,0.0
0.16666666666666666,80.01,6.0,0.49110934138298035,1.0
0.16666666666666666,73.17,9.0,0.47790825366973877,0.0
0.16666666666666666,80.01,4.0,0.18419387936592102,0.0
0.16666666666666666,92.24,8.0,0.1622806191444397,0.0
0.5,0.0,1.0,0.1580132097005844,1.0
0.25,0.0,5.0,0.44474858045578003,1.0
0.2,89.89,4.0,0.471261590719223,1.0
0.125,0.0,5.0,0.14780475199222565,1.0
0.25,0.0,3.0,0.060045983642339706,1.0
0.125,0.0,0.0,0.2619493901729584,1.0
0.125,0.0,6.0,0.14780475199222565,1.0
0.125,0.0,4.0,0.060045983642339706,1.0
0.16666666666666666,0.0,10.0,0.14174656569957733,1.0
0.125,0.0,0.0,-0.021787505596876144,1.0
0.14285714285714285,0.0,9.0,0.044417157769203186,1.0
0.4,0.0,10.0,0.42394593358039856,1.0
0.2,0.0,9.0,0.4951368272304535,1.0
0.2,0.0,9.0,0.26251015067100525,1.0
0.5,0.0,3.0,0.3111085891723633,1.0
0.2,0.0,6.0,0.2859748899936676,1.0
0.2,0.0,0.0,0.6041934490203857,1.0
0.2,0.0,9.0,0.323485791683197,1.0
0.2,0.0,8.0,0.08956296741962433,0.0
0.2,0.0,5.0,0.35922712087631226,1.0
0.2,0.0,3.0,0.5076597332954407,1.0
0.2,0.0,7.0,0.5022608041763306,1.0
0.2,0.0,8.0,0.27779263257980347,1.0
0.2,0.0,0.0,0.40298083424568176,1.0
0.2,0.0,10.0,0.3103010654449463,1.0
0.2,0.0,0.0,0.33944061398506165,1.0
0.2,0.0,8.0,0.5391857624053955,1.0
0.2,0.0,2.0,0.3492070138454437,1.0
0.2,99.71,3.0,0.27977073192596436,0.0
0.25,71.22,4.0,0.1262901872396469,0.0
0.25,71.22,6.0,0.8091446757316589,1.0
0.2,0.0,5.0,0.09677047282457352,0.0
0.2,14.09,2.0,0.28791332244873047,1.0
0.2,81.44,6.0,0.3030109405517578,1.0
0.14285714285714285,99.71,6.0,0.07659920305013657,0.0
0.25,99.71,7.0,0.1267482340335846,1.0
0.125,99.71,7.0,0.09020990878343582,0.0
0.16666666666666666,99.71,7.0,0.2491910308599472,0.0
0.125,99.71,4.0,0.22849822044372559,0.0
0.14285714285714285,99.71,8.0,0.03361297771334648,0.0
0.2,33.94,2.0,0.2740322947502136,1.0
0.2,99.7,5.0,0.2502210736274719,0.0
0.2,99.7,3.0,0.2685216963291168,0.0
0.2,99.7,2.0,0.28142115473747253,0.0
0.2,99.7,1.0,0.35158640146255493,1.0
0.2,99.7,5.0,0.2774445414543152,1.0
0.2,26.88,1.0,0.29700276255607605,0.0
0.75,0.56,2.0,0.22834165394306183,1.0
0.2,0.66,2.0,0.28405049443244934,1.0
0.14285714285714285,69.31,6.0,-0.005125143565237522,1.0
0.125,69.31,10.0,0.1905841827392578,0.0
0.2,69.31,7.0,0.16731692850589752,0.0
0.2857142857142857,69.31,6.0,0.27754709124565125,1.0
0.125,69.31,2.0,0.15490995347499847,1.0
0.3333333333333333,69.31,3.0,0.11277706176042557,1.0
0.25,0.66,2.0,0.15724804997444153,1.0
0.16666666666666666,0.66,1.0,0.15724804997444153,1.0
0.2,0.66,2.0,0.380418986082077,1.0
0.2,0.09,2.0,0.3730749785900116,1.0
0.2,69.31,3.0,0.4180870056152344,1.0
0.25,0.66,10.0,0.3312203586101532,1.0
0.2,0.66,7.0,0.3769792914390564,1.0
0.2,0.66,2.0,0.28110751509666443,1.0
0.2,0.66,1.0,0.44708043336868286,1.0
0.2,0.66,8.0,0.2518499791622162,1.0
0.5,69.31,2.0,0.3009345829486847,1.0
0.2,0.66,2.0,0.3832598626613617,0.0
0.2,69.31,0.0,0.309578001499176,1.0
0.2,0.66,3.0,0.4077463150024414,1.0
0.2,69.31,4.0,0.32590073347091675,1.0
0.2,69.31,0.0,0.3950124680995941,1.0
0.2,0.08,5.0,0.1805107146501541,1.0
0.2,0.08,8.0,0.46753761172294617,1.0
0.2,0.08,5.0,0.326455295085907,1.0
0.2,0.66,0.0,0.4135534167289734,1.0
0.5,0.66,5.0,0.5455161929130554,1.0
0.2,0.66,5.0,0.3183581531047821,1.0
0.2,0.66,1.0,0.2468348890542984,1.0
0.2,0.66,6.0,0.3479131758213043,1.0
0.2,0.66,2.0,0.47962358593940735,1.0
0.2,69.31,3.0,0.2742713987827301,1.0
0.2,0.66,2.0,0.3238457143306732,1.0
0.5,87.46,4.0,0.5495455861091614,1.0
0.2,0.04,1.0,0.038715314120054245,1.0
0.2,0.03,5.0,0.3618933856487274,1.0
0.3333333333333333,0.04,0.0,0.3083614408969879,1.0
0.125,0.04,10.0,0.34374454617500305,1.0
0.25,0.04,6.0,0.21613486111164093,1.0
0.14285714285714285,0.04,10.0,0.20385555922985077,1.0
0.2,0.04,1.0,0.3362332582473755,1.0
0.2,0.04,4.0,0.37491175532341003,1.0
0.25,19.99,6.0,0.4356629550457001,1.0
0.25,19.99,4.0,0.26086461544036865,1.0
0.25,19.99,3.0,0.3899900019168854,1.0
0.14285714285714285,19.99,7.0,0.5125840306282043,1.0
0.2,19.99,2.0,0.1521470695734024,1.0
0.16666666666666666,19.99,5.0,0.21435436606407166,1.0
0.2,19.99,5.0,0.342141717672348,1.0
0.2,19.99,3.0,0.37506797909736633,1.0
0.2,19.99,8.0,0.2722058594226837,1.0
0.5,19.99,3.0,0.33140748739242554,1.0
0.2,19.99,4.0,0.39941105246543884,1.0
0.2,19.99,3.0,0.3257012367248535,1.0
0.2,19.99,4.0,0.31147444248199463,1.0
0.2,0.09,7.0,0.49876365065574646,1.0
0.2,19.99,2.0,0.34910544753074646,1.0
0.2,0.09,7.0,0.27289554476737976,1.0
0.2,19.99,7.0,0.2603875994682312,1.0
0.2,19.99,4.0,0.2823249399662018,1.0
0.2,19.99,1.0,0.32910722494125366,1.0
0.2,0.09,10.0,0.4481319487094879,1.0
0.2,19.99,3.0,0.3161066770553589,1.0
0.2,19.99,8.0,0.28926923871040344,1.0
0.2,0.09,7.0,0.4511675238609314,1.0
0.2,0.09,1.0,0.3246340751647949,1.0
0.2,19.99,2.0,0.31097790598869324,1.0
0.2,19.99,3.0,0.5683908462524414,1.0
0.2,19.99,6.0,0.4270322322845459,1.0
0.2,19.99,4.0,0.4444984793663025,1.0
0.2,19.99,7.0,0.2672034204006195,1.0
0.2,77.99,4.0,0.13158513605594635,0.0
0.2,0.09,0.0,0.3210926651954651,1.0
0.2,41.23,4.0,0.502717912197113,1.0
0.2,0.33,1.0,0.4724750220775604,1.0
0.25,41.26,2.0,0.31946662068367004,1.0
0.16666666666666666,0.09,10.0,0.10918684303760529,1.0
0.125,0.09,7.0,0.2988334894180298,1.0
0.16666666666666666,0.09,4.0,0.1685427874326706,1.0
0.14285714285714285,0.09,9.0,0.22140097618103027,1.0
0.2,0.09,4.0,0.22140097618103027,1.0
0.2,41.26,10.0,0.37931182980537415,1.0
0.2,0.09,7.0,0.32069915533065796,1.0
0.2,41.26,1.0,0.2796671390533447,1.0
0.2,0.09,1.0,0.3268526792526245,1.0
0.2,0.09,7.0,0.42044955492019653,1.0
0.25,36.85,3.0,0.357584148645401,1.0
0.2,36.01,0.0,0.15164056420326233,1.0
0.14285714285714285,36.01,5.0,0.1866576075553894,1.0
0.16666666666666666,36.01,7.0,0.15164056420326233,1.0
0.25,36.01,0.0,0.1575934737920761,1.0
0.25,36.01,3.0,0.270211786031723,1.0
0.25,36.01,10.0,0.15564113855361938,1.0
0.25,36.01,1.0,0.4175035059452057,1.0
0.25,36.01,0.0,0.14474426209926605,1.0
0.25,77.35,10.0,0.1600516140460968,1.0
0.5,0.0,8.0,0.516511082649231,1.0
0.2,99.71,4.0,0.3195993900299072,0.0
0.6666666666666666,71.22,1.0,0.7964548468589783,1.0
0.2,14.09,3.0,0.7058383226394653,1.0
0.2857142857142857,99.71,8.0,0.10143274068832397,1.0
0.25,99.71,1.0,0.3099263608455658,0.0
0.16666666666666666,99.71,8.0,0.16078512370586395,0.0
0.125,99.71,3.0,0.20242589712142944,1.0
0.3333333333333333,99.71,6.0,0.10974302142858505,1.0
0.2,33.94,6.0,0.23238225281238556,0.0
0.2,99.7,3.0,0.6381911039352417,1.0
0.5,99.7,2.0,0.6783511638641357,1.0
0.2,33.94,5.0,0.33393675088882446,0.0
0.2,81.44,6.0,0.20651616156101227,0.0
0.2,99.7,4.0,0.3025768995285034,0.0
0.25,93.2,9.0,0.5525000095367432,1.0
0.2,0.12,3.0,0.06894281506538391,0.0
0.2,88.67,6.0,0.20362819731235504,0.0
0.25,0.04,3.0,0.38794735074043274,1.0
0.25,68.84,2.0,0.30816221237182617,1.0
0.25,0.04,2.0,0.4723917245864868,1.0
0.14285714285714285,68.84,3.0,0.10650599747896194,1.0
0.14285714285714285,0.03,8.0,0.19953632354736328,0.0
0.14285714285714285,68.84,3.0,0.17073947191238403,1.0
0.3333333333333333,68.84,6.0,0.14273175597190857,1.0
0.25,0.03,6.0,0.17073947191238403,1.0
0.125,68.84,7.0,0.14273175597190857,0.0
0.25,68.84,6.0,0.3788822591304779,0.0
0.14285714285714285,0.03,9.0,0.32382747530937195,0.0
0.16666666666666666,68.84,8.0,0.3788822591304779,1.0
0.14285714285714285,68.84,1.0,0.3019043803215027,1.0
0.16666666666666666,0.03,5.0,0.12228131294250488,1.0
0.125,68.84,8.0,0.38074439764022827,1.0
0.25,0.03,1.0,0.06382949650287628,1.0
0.25,0.03,8.0,0.20809641480445862,1.0
0.2,0.03,2.0,0.48859357833862305,1.0
0.2,0.12,5.0,0.5152700543403625,1.0
0.25,0.03,7.0,0.4297897219657898,1.0
0.2,0.03,6.0,0.3388417959213257,1.0
0.2,0.03,4.0,0.40605366230010986,1.0
0.2,68.84,5.0,0.45627379417419434,0.0
0.2,0.03,4.0,0.416220486164093,1.0
0.2,0.7,9.0,0.4170144200325012,1.0
0.2,68.84,3.0,0.4811611771583557,0.0
0.2,0.7,10.0,0.4010342061519623,1.0
0.2,0.7,1.0,0.4783113896846771,1.0
0.2,0.7,3.0,0.3890332579612732,1.0
0.2,0.03,2.0,0.42868927121162415,1.0
0.2,0.03,5.0,0.36283400654792786,1.0
0.2,0.7,10.0,0.42748722434043884,1.0
0.2,0.7,2.0,0.46666786074638367,1.0
0.2,68.84,3.0,0.38098034262657166,0.0
0.2,68.84,6.0,0.49100470542907715,1.0
0.2,0.7,1.0,0.42730748653411865,1.0
0.2,68.84,6.0,0.5073011517524719,1.0
0.2,68.84,6.0,0.41835030913352966,1.0
0.2,0.03,9.0,0.47691261768341064,1.0
0.2,0.03,2.0,0.5336495041847229,1.0
0.2,0.03,4.0,0.4108952283859253,1.0
0.2,68.84,4.0,0.4219452738761902,1.0
0.2,68.84,3.0,0.5138630270957947,0.0
0.2,0.03,2.0,0.4322046935558319,1.0
0.2,93.75,6.0,0.4391154944896698,0.0
0.2,85.43,5.0,0.4248833954334259,1.0
0.2,87.0,4.0,0.2783968448638916,0.0
0.25,0.11,6.0,0.47298088669776917,1.0
1.0,0.11,3.0,0.664486289024353,1.0
0.25,0.11,4.0,0.5948810577392578,1.0
0.25,0.11,0.0,0.20622263848781586,1.0
0.14285714285714285,0.11,2.0,0.4897514879703522,1.0
0.14285714285714285,0.11,2.0,0.251278817653656,1.0
0.25,0.11,8.0,0.48869141936302185,1.0
0.25,0.11,6.0,0.2746659815311432,1.0
0.25,0.11,0.0,0.3178539574146271,1.0
0.25,0.11,10.0,0.5223365426063538,1.0
0.25,0.11,7.0,0.338681161403656,1.0
0.25,0.11,3.0,0.5599886775016785,1.0
0.25,0.11,7.0,0.5291794538497925,1.0
0.25,0.11,10.0,0.3548126518726349,1.0
0.4,60.64,0.0,0.15863007307052612,1.0
0.16666666666666666,0.0,3.0,0.3542666733264923,1.0
0.5,0.0,5.0,0.9999999403953552,1.0
0.16666666666666666,0.0,1.0,0.23009447753429413,1.0
0.16666666666666666,0.03,8.0,0.22843623161315918,1.0
0.16666666666666666,68.31,7.0,0.1973443329334259,1.0
0.16666666666666666,0.0,4.0,0.45158839225769043,1.0
0.16666666666666666,0.0,5.0,0.4537639617919922,1.0
0.16666666666666666,0.0,2.0,0.3362344205379486,1.0
0.16666666666666666,0.65,9.0,0.32782888412475586,1.0
0.16666666666666666,0.0,6.0,0.25848788022994995,0.0
0.16666666666666666,0.0,2.0,0.3286476135253906,1.0
0.4,0.0,0.0,0.3116505742073059,1.0
0.16666666666666666,0.0,1.0,0.3865997791290283,1.0
0.16666666666666666,0.0,6.0,0.3000418543815613,1.0
0.16666666666666666,0.0,5.0,0.6593221426010132,1.0
0.16666666666666666,0.0,6.0,0.25360026955604553,1.0
0.16666666666666666,0.0,1.0,0.3001127541065216,1.0
0.4,0.0,3.0,0.38291704654693604,1.0
0.4,0.0,9.0,0.5936453342437744,1.0
0.16666666666666666,0.0,2.0,0.22763070464134216,1.0
0.16666666666666666,0.0,8.0,0.32903653383255005,1.0
0.16666666666666666,0.0,3.0,0.2320103943347931,0.0
0.16666666666666666,0.0,3.0,0.25973716378211975,0.0
0.16666666666666666,0.0,9.0,0.38866937160491943,1.0
0.16666666666666666,0.0,2.0,0.2136634886264801,1.0
0.2,0.0,10.0,0.21621626615524292,1.0
0.2,0.0,1.0,0.6172143220901489,1.0
0.5,0.0,2.0,0.20982959866523743,1.0
0.2,0.12,4.0,0.42001664638519287,1.0
0.25,0.03,9.0,0.18837465345859528,1.0
0.25,92.44,6.0,0.26004523038864136,1.0
0.125,0.03,9.0,0.36989256739616394,1.0
0.25,0.03,7.0,0.20402741432189941,1.0
0.2,0.03,2.0,0.11582610756158829,1.0
0.14285714285714285,0.03,2.0,0.06901328265666962,1.0
0.14285714285714285,0.03,0.0,0.1572752147912979,1.0
0.14285714285714285,0.03,5.0,0.0031418134458363056,1.0
0.2,0.03,7.0,0.2957468628883362,1.0
0.25,0.03,5.0,0.15861833095550537,1.0
0.2,0.03,5.0,0.21901081502437592,1.0
0.2,0.03,8.0,0.372089684009552,1.0
0.2,0.03,5.0,0.28802043199539185,1.0
0.2,92.44,3.0,0.2920219302177429,1.0
0.2,0.03,1.0,0.1940394639968872,1.0
0.2,0.03,8.0,0.30301937460899353,1.0
0.2,0.03,8.0,0.283067524433136,1.0
0.2,95.34,10.0,0.194462388753891,1.0
0.2,0.0,6.0,0.310839980840683,0.0
0.2,99.71,6.0,0.24815338850021362,0.0
0.2,0.0,2.0,0.2343539595603943,0.0
0.2,0.0,3.0,0.04945816472172737,0.0
0.2,0.0,2.0,0.30871596932411194,0.0
0.25,34.16,3.0,0.6914423108100891,1.0
0.2,81.44,3.0,0.3220524787902832,1.0
0.2857142857142857,99.71,0.0,0.08831509202718735,1.0
0.125,99.71,2.0,0.09323062747716904,1.0
0.125,99.71,4.0,0.1340637356042862,1.0
0.2,99.7,2.0,0.24242712557315826,1.0
0.2,81.44,8.0,0.17134468257427216,0.0
0.2,33.94,5.0,0.24050872027873993,1.0
0.2,99.7,4.0,0.21598735451698303,1.0
0.2,99.71,5.0,0.21075794100761414,1.0
0.2,13.36,1.0,0.21788997948169708,0.0
0.4,0.0,3.0,0.4520135223865509,1.0
0.2,0.03,4.0,0.4461890459060669,1.0
0.2,0.0,1.0,0.20738987624645233,1.0
0.2,25.46,1.0,0.6395413279533386,1.0
0.2,0.12,4.0,0.42807215452194214,1.0
0.25,0.03,5.0,0.4244961738586426,1.0
0.25,0.03,7.0,0.6094686985015869,1.0
0.25,0.03,10.0,0.15987452864646912,1.0
0.2,0.03,6.0,0.18084628880023956,0.0
0.14285714285714285,0.03,8.0,0.255459189414978,1.0
0.16666666666666666,0.03,6.0,0.19193996489048004,1.0
0.14285714285714285,0.03,0.0,0.19856557250022888,1.0
0.125,0.03,4.0,0.1684662252664566,1.0
0.14285714285714285,0.03,5.0,0.08954956382513046,1.0
0.5,0.03,3.0,0.1684662252664566,1.0
0.25,0.03,8.0,0.12368068099021912,1.0
0.2,0.03,2.0,0.36218976974487305,1.0
0.2,0.03,4.0,0.35909396409988403,1.0
0.5,0.03,4.0,0.47171130776405334,1.0
0.2,0.03,8.0,0.30767104029655457,0.0
0.2,0.03,3.0,0.46429625153541565,1.0
0.2,0.03,2.0,0.33728644251823425,1.0
0.2,0.03,10.0,0.4351775348186493,1.0
0.2,0.03,3.0,0.275113582611084,1.0
0.2,0.03,10.0,0.42454296350479126,1.0
0.5,92.44,4.0,0.320743203163147,1.0
0.5,0.03,4.0,0.44163087010383606,1.0
0.2,0.03,8.0,0.3292403221130371,1.0
0.2,0.03,4.0,0.48892831802368164,1.0
0.2,0.03,5.0,0.29724422097206116,0.0
0.2,0.03,8.0,0.44340142607688904,1.0
0.2,92.44,9.0,0.41748496890068054,1.0
0.2,95.34,8.0,0.3343465030193329,1.0
0.2,0.0,3.0,0.2508999705314636,1.0
0.2,0.0,4.0,0.2380930781364441,0.0
0.2,14.09,4.0,0.25063657760620117,1.0
0.3333333333333333,99.71,7.0,-0.006551274098455906,1.0
0.16666666666666666,99.71,0.0,-0.006551274098455906,1.0
0.14285714285714285,99.71,4.0,0.09142500162124634,1.0
0.25,99.71,9.0,0.1758946031332016,0.0
0.125,99.71,1.0,-0.0317147821187973,1.0
0.25,99.71,0.0,0.023765278980135918,1.0
0.2857142857142857,99.71,3.0,0.11893948167562485,1.0
0.14285714285714285,99.71,10.0,0.05962052941322327,1.0
0.125,99.71,10.0,0.027988038957118988,1.0
0.125,99.71,6.0,0.1758946031332016,0.0
0.125,99.71,5.0,0.1529514640569687,1.0
0.2,99.7,7.0,-0.0041996194049716,1.0
0.5,81.44,0.0,0.024189280346035957,1.0
0.2,99.7,0.0,-0.06522927433252335,1.0
0.2,81.44,5.0,0.07880678027868271,1.0
0.2,26.88,3.0,0.10342906415462494,1.0
0.2,33.94,1.0,0.019174056127667427,1.0
0.2,81.44,0.0,0.0391530878841877,1.0
0.2,81.19,5.0,0.42126643657684326,1.0
0.2,0.0,8.0,0.3445599675178528,1.0
0.2,0.73,10.0,0.3000752329826355,1.0
0.2,0.0,1.0,0.3720018267631531,1.0
0.6666666666666666,0.0,7.0,0.3144668936729431,1.0
0.5,0.0,8.0,0.4287557899951935,1.0
0.25,0.0,7.0,0.40395233035087585,1.0
0.125,0.0,8.0,0.053408607840538025,1.0
0.16666666666666666,0.0,10.0,0.14933651685714722,0.0
0.125,0.0,3.0,0.5104318261146545,1.0
0.125,0.0,3.0,0.053408607840538025,1.0
0.2,0.0,7.0,0.2772662937641144,1.0
0.14285714285714285,0.0,6.0,0.2374170422554016,0.0
0.3333333333333333,0.0,0.0,0.5104318261146545,1.0
0.2,0.0,5.0,0.372460275888443,1.0
0.2,0.0,10.0,0.4183852970600128,1.0
0.2,0.0,3.0,0.38536253571510315,1.0
0.5,0.0,3.0,0.4531026780605316,1.0
0.2,0.0,1.0,0.32014864683151245,1.0
0.2,0.0,8.0,0.343302458524704,1.0
0.2,0.0,5.0,0.4107312262058258,1.0
0.2,0.0,8.0,0.3284854292869568,1.0
0.2,0.0,6.0,0.27694496512413025,1.0
0.2,0.0,3.0,0.3817635476589203,1.0
0.5,0.0,6.0,0.3844323754310608,1.0
0.2,0.0,6.0,0.36846309900283813,1.0
0.2,0.0,7.0,0.34658193588256836,1.0
0.2,78.42,1.0,0.28468164801597595,1.0
0.2,0.0,6.0,0.3367811143398285,1.0
0.2,0.0,4.0,0.3360316753387451,1.0
0.2,0.0,9.0,0.2842523753643036,1.0
0.2,0.0,3.0,0.4743177592754364,1.0
0.2,0.0,3.0,0.34965744614601135,1.0
0.2,78.42,1.0,0.48632436990737915,1.0
0.2,0.01,3.0,0.2324802130460739,1.0
0.25,0.0,3.0,0.5317461490631104,1.0
0.125,0.0,6.0,0.2164168804883957,1.0
0.125,0.0,10.0,0.24091078341007233,1.0
0.3333333333333333,0.0,5.0,0.29295381903648376,1.0
0.14285714285714285,0.0,2.0,0.1665349006652832,1.0
0.4,0.0,10.0,0.1665349006652832,1.0
0.2,0.0,4.0,0.399460107088089,1.0
0.2,0.0,9.0,0.4844294786453247,1.0
0.2,0.0,1.0,0.3172181248664856,1.0
0.2,0.0,2.0,0.3571400046348572,1.0
0.2,89.23,8.0,0.391426146030426,1.0
0.5,81.19,3.0,0.14061672985553741,1.0
0.25,0.68,3.0,0.16631358861923218,1.0
0.2,0.18,2.0,0.14853093028068542,1.0
0.2,86.31,2.0,0.3307563364505768,1.0
0.125,0.0,6.0,0.06903140246868134,1.0
0.125,0.0,3.0,0.05913321673870087,1.0
0.125,0.0,3.0,0.021590573713183403,1.0
0.2,0.0,7.0,0.11932498216629028,0.0
0.25,0.0,0.0,0.16912584006786346,1.0
0.125,0.0,1.0,0.017577435821294785,1.0
0.2,0.0,3.0,0.2806134819984436,1.0
0.2,0.0,8.0,0.2901118993759155,1.0
0.5,0.0,8.0,0.3893135190010071,1.0
0.2,0.0,2.0,0.27604371309280396,1.0
0.2,78.42,9.0,0.2141030728816986,1.0
0.2,0.0,0.0,0.28561627864837646,1.0
0.2,0.0,5.0,0.21855038404464722,1.0
0.2,0.0,7.0,0.2686102092266083,1.0
0.5,0.0,1.0,0.176198810338974,1.0
0.2,0.0,7.0,0.3905109763145447,1.0
0.2,0.0,4.0,0.27021387219429016,1.0
0.5,0.0,4.0,0.2710806429386139,1.0
0.2,0.0,3.0,0.1814994066953659,1.0
0.2,0.0,4.0,0.25495660305023193,1.0
0.2,0.0,1.0,0.23775526881217957,1.0
0.5,0.0,4.0,0.28033655881881714,1.0
0.2,0.0,9.0,0.23985671997070312,1.0
0.5,0.0,9.0,0.269130140542984,1.0
0.5,0.0,3.0,0.3378620445728302,1.0
0.2,0.0,10.0,0.14616690576076508,0.0
0.2,0.0,9.0,0.25766879320144653,1.0
0.2,0.0,7.0,0.532426655292511,1.0
0.5,0.0,3.0,0.2612883150577545,1.0
0.16666666666666666,0.05,1.0,0.3146328628063202,1.0
0.25,0.05,2.0,0.36213788390159607,1.0
0.2,0.05,4.0,0.3014708161354065,1.0
0.2,0.68,3.0,0.31217101216316223,1.0
0.2,0.05,4.0,0.2917684316635132,1.0
0.5,0.05,4.0,0.2916611135005951,1.0
0.2,0.05,6.0,0.2834799587726593,1.0
0.5,0.05,5.0,0.2951372265815735,1.0
0.2,0.05,3.0,0.2742343544960022,1.0
0.2,0.05,2.0,0.291767418384552,1.0
0.5,13.33,3.0,0.17279338836669922,1.0
0.2,13.33,1.0,0.32289913296699524,1.0
0.2,12.67,0.0,0.31467700004577637,1.0
0.2,13.48,5.0,0.27194371819496155,1.0
0.2,13.41,1.0,0.20828473567962646,1.0
0.2,13.51,8.0,0.15586499869823456,1.0
0.2,85.97,7.0,0.15272489190101624,1.0
0.5,13.33,2.0,0.4630812406539917,1.0
0.2,13.33,5.0,0.16303089261054993,1.0
0.14285714285714285,13.33,10.0,0.14245489239692688,1.0
0.2,13.33,1.0,0.14245489239692688,1.0
0.14285714285714285,13.33,7.0,0.21591675281524658,1.0
0.16666666666666666,13.33,9.0,0.21591675281524658,0.0
0.25,13.33,3.0,0.16303089261054993,1.0
0.16666666666666666,13.33,5.0,0.22026586532592773,1.0
0.125,13.33,3.0,0.14245489239692688,1.0
0.2,13.33,2.0,0.14245489239692688,1.0
0.2,13.33,8.0,0.41788339614868164,1.0
0.25,13.33,6.0,0.1304706484079361,1.0
0.2,13.33,6.0,0.19927959144115448,1.0
0.5,13.33,3.0,0.4109435975551605,1.0
0.2,13.33,3.0,0.3642914295196533,1.0
0.2,13.33,7.0,0.3889179825782776,1.0
0.2,13.33,1.0,0.45587852597236633,1.0
0.2,13.33,6.0,0.4330386817455292,1.0
0.5,13.33,3.0,0.3086301386356354,1.0
0.5,13.33,1.0,0.24105747044086456,1.0
0.5,13.33,2.0,0.19559356570243835,1.0
0.2,13.33,1.0,0.19526883959770203,0.0
0.2,13.33,4.0,0.5275281667709351,1.0
0.2,13.33,4.0,0.188368022441864,1.0
0.2,85.97,3.0,0.20371945202350616,0.0
0.2,13.33,5.0,0.3303350806236267,1.0
0.2,13.33,1.0,0.37473589181900024,1.0
0.2,13.33,7.0,0.2517329454421997,1.0
0.2,13.33,2.0,0.2218519002199173,1.0
0.2,13.33,2.0,0.4501727223396301,1.0
0.2,13.33,4.0,0.3649299144744873,1.0
0.5,85.97,8.0,0.3305585980415344,1.0
0.2,13.33,5.0,0.4786966145038605,1.0
0.2,85.97,3.0,0.40231287479400635,1.0
0.5,88.07,0.0,0.3394027352333069,1.0
0.2,90.46,6.0,0.437106192111969,1.0
0.25,0.0,2.0,0.21805430948734283,0.0
0.25,36.04,3.0,0.24839045107364655,0.0
0.25,1.06,2.0,0.12504802644252777,1.0
0.16666666666666666,0.04,2.0,0.05752573907375336,1.0
0.14285714285714285,0.04,5.0,0.10123951733112335,1.0
0.14285714285714285,0.04,6.0,0.1023404449224472,0.0
0.16666666666666666,0.04,5.0,0.020701482892036438,0.0
0.16666666666666666,0.04,2.0,-0.052257683128118515,1.0
0.2,0.04,10.0,-0.052257683128118515,1.0
0.25,0.04,7.0,0.1111404225230217,1.0
0.5,0.0,7.0,0.2619591951370239,1.0
0.16666666666666666,0.0,7.0,0.2991476058959961,0.0
0.2,0.0,1.0,0.06543326377868652,0.0
0.25,0.0,8.0,0.2939593493938446,1.0
0.2,0.03,10.0,0.27816206216812134,1.0
0.2,0.13,10.0,0.19693322479724884,1.0
0.2,0.15,10.0,0.32464107871055603,1.0
0.25,0.03,1.0,0.36495232582092285,1.0
0.14285714285714285,0.03,3.0,0.26143890619277954,1.0
0.2,0.03,8.0,0.17721284925937653,1.0
0.14285714285714285,0.03,8.0,0.03194676339626312,1.0
0.14285714285714285,0.03,10.0,0.3239380121231079,1.0
0.125,0.03,6.0,0.17721284925937653,1.0
0.2,0.03,8.0,0.615105926990509,1.0
0.2,0.03,5.0,0.5081532597541809,1.0
0.2,0.03,6.0,0.636883556842804,1.0
0.2,0.03,2.0,0.5061131119728088,1.0
0.2,0.03,5.0,0.4030906856060028,1.0
0.2,0.03,8.0,0.47090819478034973,1.0
0.2,0.03,0.0,0.3761456310749054,1.0
0.2,0.03,7.0,0.2695266902446747,1.0
0.5,0.03,1.0,0.5036081075668335,1.0
0.2,0.03,9.0,0.30025067925453186,1.0
0.2,0.03,4.0,0.7394618391990662,1.0
0.2,0.03,6.0,0.5521432161331177,1.0
0.2,0.03,4.0,0.4328182637691498,1.0
0.2,0.03,3.0,0.5247088074684143,1.0
0.2,0.03,5.0,0.4866638779640198,1.0
0.2,0.03,0.0,0.43330419063568115,1.0
0.2,0.03,0.0,0.5576050281524658,1.0
0.5,0.03,2.0,0.4775729775428772,1.0
0.25,71.22,7.0,0.587920069694519,0.0
0.125,99.71,6.0,0.0775587260723114,1.0
0.25,99.71,7.0,0.03002242185175419,1.0
0.2,99.7,8.0,0.2821876108646393,1.0
0.2,33.94,2.0,0.04892263188958168,1.0
0.2,99.7,6.0,0.4251045286655426,1.0
0.2,99.7,4.0,0.13440565764904022,1.0
0.2,91.57,7.0,0.6464419364929199,1.0
0.16666666666666666,0.0,0.0,0.31366780400276184,0.0
0.2,0.0,8.0,0.16939927637577057,0.0
0.25,0.0,1.0,0.6799827218055725,1.0
0.5,0.03,3.0,0.3833320140838623,1.0
0.2,0.13,3.0,0.43104150891304016,1.0
0.2,0.15,3.0,0.6644560694694519,1.0
0.25,0.03,6.0,0.205636665225029,1.0
0.14285714285714285,0.03,1.0,0.1709263175725937,1.0
0.16666666666666666,0.03,5.0,0.12675951421260834,1.0
0.125,0.03,1.0,0.15086135268211365,1.0
0.14285714285714285,0.03,2.0,0.21646517515182495,1.0
0.2,0.03,1.0,0.31379234790802,1.0
0.2,0.03,6.0,0.2925487458705902,1.0
0.2,0.03,2.0,0.31696879863739014,1.0
0.2,0.03,1.0,0.32179418206214905,1.0
0.2,0.03,2.0,0.37873008847236633,1.0
0.2,0.03,1.0,0.21931102871894836,1.0
0.2,0.03,6.0,0.43841737508773804,1.0
0.2,0.03,7.0,0.19486930966377258,1.0
0.5,0.03,0.0,0.6156104207038879,1.0
0.2,0.03,2.0,0.42602670192718506,1.0
0.2,92.44,6.0,0.46782347559928894,1.0
0.5,0.03,8.0,0.2933250069618225,1.0
0.2,0.03,1.0,0.23932665586471558,1.0
0.2,0.03,3.0,0.2793448567390442,1.0
0.2,0.03,1.0,0.27578744292259216,1.0
0.5,0.03,3.0,0.5633593201637268,1.0
0.2,0.03,7.0,0.31109800934791565,1.0
0.2,0.03,7.0,0.41271278262138367,1.0
0.2,0.03,0.0,0.2589925229549408,1.0
0.2,0.03,4.0,0.419726699590683,1.0
0.2,0.03,10.0,0.3070749044418335,0.0
0.2,0.03,6.0,0.3468325436115265,1.0
0.2,0.03,2.0,0.3204789459705353,1.0
0.2,0.03,7.0,0.5954171419143677,1.0
0.2,0.03,7.0,0.3627324402332306,1.0
0.2,0.03,5.0,0.46887221932411194,1.0
0.2,99.71,8.0,0.21286827325820923,1.0
0.2,99.71,9.0,0.10210579633712769,1.0
0.5,99.71,8.0,0.30368831753730774,1.0
0.14285714285714285,0.0,10.0,0.21493011713027954,0.0
0.16666666666666666,0.0,9.0,0.27955010533332825,1.0
0.14285714285714285,0.0,9.0,0.02262989990413189,0.0
0.125,0.0,4.0,0.27667325735092163,1.0
0.25,0.0,5.0,0.2751598656177521,1.0
0.16666666666666666,0.0,4.0,0.3580067455768585,1.0
0.125,0.0,7.0,0.3772188723087311,0.0
0.14285714285714285,0.0,5.0,0.18711744248867035,1.0
0.2,0.01,2.0,0.417103111743927,1.0
0.2,0.01,1.0,0.3713878393173218,1.0
0.2,0.01,6.0,0.2807409167289734,1.0
0.2,0.01,0.0,0.2926899492740631,1.0
0.2,0.01,5.0,0.3153022825717926,1.0
0.2,0.01,8.0,0.3858985900878906,1.0
0.2,84.21,2.0,0.3795252740383148,1.0
0.25,71.22,1.0,0.5337048172950745,1.0
0.3333333333333333,80.01,5.0,0.43651026487350464,1.0
0.3333333333333333,63.29,10.0,0.4288483262062073,1.0
0.16666666666666666,80.01,3.0,0.021680666133761406,1.0
0.5,63.26,6.0,0.3349527418613434,1.0
0.16666666666666666,80.01,1.0,0.15801677107810974,1.0
0.2,63.26,5.0,0.324154257774353,1.0
0.16666666666666666,80.01,3.0,0.03085765242576599,0.0
0.3333333333333333,63.26,7.0,0.09423137456178665,1.0
0.3333333333333333,63.26,8.0,0.09907988458871841,1.0
0.3333333333333333,80.01,3.0,0.08818400651216507,1.0
0.25,80.01,2.0,0.17041544616222382,1.0
0.5,80.01,7.0,0.18716250360012054,1.0
0.2,63.26,4.0,0.03335656225681305,1.0
0.25,63.26,2.0,0.26709091663360596,1.0
0.25,63.26,7.0,0.28642669320106506,1.0
0.25,51.58,6.0,0.2735038697719574,1.0
0.25,80.01,8.0,0.22599266469478607,1.0
0.25,63.26,2.0,0.22766640782356262,1.0
0.25,63.26,1.0,0.09217651933431625,1.0
0.25,80.01,3.0,0.17781326174736023,1.0
0.25,80.01,5.0,0.4822179079055786,1.0
0.25,62.88,10.0,0.3991704285144806,1.0
0.25,62.88,1.0,0.27366605401039124,1.0
0.25,62.88,3.0,0.21676135063171387,1.0
0.25,63.26,0.0,0.1755623072385788,1.0
0.25,80.01,8.0,0.2861230671405792,1.0
0.25,65.06,3.0,0.23919053375720978,1.0
0.25,62.88,5.0,0.22815120220184326,1.0
0.25,62.88,2.0,0.36126768589019775,1.0
0.25,62.88,1.0,0.21385067701339722,1.0
0.25,63.26,3.0,0.30296096205711365,1.0
0.25,63.26,2.0,0.17263014614582062,1.0
0.25,63.26,8.0,0.11362907290458679,0.0
0.25,63.26,1.0,0.27311912178993225,1.0
0.25,63.26,4.0,0.41396477818489075,1.0
0.25,63.26,2.0,0.43859153985977173,1.0
0.25,73.17,5.0,0.4141983091831207,1.0
0.25,63.26,1.0,0.18056626617908478,1.0
0.25,80.01,0.0,0.22312024235725403,1.0
0.25,92.24,4.0,0.1426072120666504,1.0
0.2857142857142857,25.86,4.0,0.22365427017211914,1.0
0.125,25.86,10.0,0.2154761105775833,0.0
0.16666666666666666,25.86,6.0,0.22365427017211914,0.0
0.2,25.86,6.0,0.3354129195213318,0.0
0.2,78.04,4.0,0.176312655210495,1.0
0.2,60.64,1.0,0.25859102606773376,1.0
0.2,60.67,8.0,0.18527987599372864,1.0
0.5,73.04,7.0,0.18788394331932068,1.0
0.25,47.87,6.0,0.26370859146118164,1.0
0.16666666666666666,78.04,6.0,0.18902190029621124,1.0
0.25,78.04,10.0,0.2632943391799927,1.0
0.2,60.1,9.0,0.37779179215431213,1.0
0.2,60.64,6.0,0.2850908041000366,1.0
0.2,60.64,0.0,0.26572385430336,1.0
0.2,47.87,6.0,0.2135898619890213,1.0
0.2,78.04,7.0,0.30717194080352783,1.0
0.2,60.64,6.0,0.2835765779018402,1.0
0.2,47.87,5.0,0.4240475594997406,1.0
0.2,60.64,2.0,0.3037053942680359,1.0
0.2,60.64,8.0,0.3067678213119507,1.0
0.2,60.64,3.0,0.21383090317249298,1.0
0.2,60.64,3.0,0.22454488277435303,1.0
0.2,78.04,5.0,0.3322640359401703,1.0
0.2,47.87,8.0,0.3199231028556824,1.0
0.2,0.24,2.0,0.3379356563091278,1.0
0.2,86.31,0.0,0.2402363121509552,1.0
0.25,0.0,6.0,0.25301486253738403,1.0
0.25,0.0,6.0,0.28293904662132263,1.0
0.25,0.0,7.0,0.24550530314445496,1.0
0.2857142857142857,0.0,8.0,0.06806763261556625,1.0
0.125,0.0,1.0,0.04449748247861862,1.0
0.2,0.0,5.0,0.06806763261556625,0.0
0.25,0.0,0.0,0.03300248086452484,1.0
0.125,0.0,3.0,0.12943877279758453,0.0
0.2,0.0,9.0,0.28457170724868774,0.0
0.125,0.0,3.0,0.017616193741559982,1.0
0.2,0.0,2.0,0.19531548023223877,1.0
0.2,0.0,10.0,0.19631634652614594,1.0
0.2,0.0,7.0,0.2473248392343521,1.0
0.2,0.0,8.0,0.23956449329853058,1.0
0.2,0.0,6.0,0.27498605847358704,0.0
0.2,0.0,4.0,0.2368626594543457,1.0
0.2,0.0,8.0,0.19658587872982025,1.0
0.2,0.0,2.0,0.08650990575551987,1.0
0.2,78.42,2.0,0.0782882422208786,1.0
0.2,78.42,1.0,0.2546684741973877,1.0
0.2,78.42,3.0,0.261776328086853,1.0
0.2,0.0,4.0,0.4000611901283264,1.0
0.2,0.0,2.0,0.4520591199398041,1.0
0.2,0.0,4.0,0.3380320966243744,1.0
0.2,0.0,6.0,0.4000173807144165,1.0
0.2,0.0,3.0,0.37305769324302673,1.0
0.5,0.0,1.0,0.48796334862709045,1.0
0.2,0.0,2.0,0.28249189257621765,1.0
0.25,20.02,1.0,0.32445386052131653,1.0
0.14285714285714285,0.0,10.0,0.1516587883234024,1.0
0.125,0.0,1.0,0.14505760371685028,1.0
0.2,0.0,7.0,0.14505760371685028,0.0
0.25,0.0,2.0,0.42673271894454956,1.0
0.14285714285714285,0.0,6.0,0.39623987674713135,0.0
0.25,0.0,6.0,0.2860456109046936,0.0
0.14285714285714285,0.0,4.0,0.2764904499053955,1.0
0.125,0.0,8.0,0.40082213282585144,0.0
0.2,0.0,2.0,0.5480330586433411,1.0
0.2,0.0,1.0,0.47139132022857666,1.0
0.2,0.0,4.0,0.3627195954322815,1.0
0.2,20.02,3.0,0.43444207310676575,1.0
0.2,20.02,4.0,0.2899705469608307,1.0
0.2,0.0,0.0,0.41859298944473267,0.0
0.2,0.0,2.0,0.30557918548583984,1.0
0.2,20.02,2.0,0.4518465995788574,1.0
0.16666666666666666,91.57,7.0,0.11048662662506104,0.0
0.2,91.58,4.0,0.4348934292793274,1.0
0.25,91.58,3.0,0.19129307568073273,1.0
0.14285714285714285,91.58,6.0,0.22947458922863007,1.0
0.16666666666666666,91.58,4.0,0.013617618009448051,1.0
0.14285714285714285,91.58,4.0,0.13327135145664215,1.0
0.2857142857142857,91.58,8.0,0.15286846458911896,1.0
0.2,91.58,6.0,0.2986449599266052,1.0
0.2,91.58,9.0,0.2738758623600006,1.0
0.2,85.63,2.0,0.21526624262332916,1.0
0.2,91.58,8.0,0.3592665195465088,1.0
0.2,85.63,3.0,0.21937158703804016,1.0
0.2,91.58,8.0,0.3098093867301941,1.0
0.2,91.58,9.0,0.21904203295707703,1.0
0.2,91.58,6.0,0.2048516720533371,1.0
0.2,91.58,1.0,0.2325841188430786,0.0
0.2,85.63,4.0,0.23729202151298523,1.0
0.2,91.58,4.0,0.28611230850219727,1.0
0.2,91.58,8.0,0.2321310192346573,0.0
0.16666666666666666,0.0,4.0,0.2472340613603592,0.0
0.16666666666666666,0.0,8.0,0.16302336752414703,0.0
0.16666666666666666,0.03,3.0,0.20386315882205963,0.0
0.16666666666666666,25.46,2.0,0.4453718364238739,1.0
0.2,0.03,2.0,0.35530468821525574,1.0
0.2,0.03,6.0,0.20361508429050446,1.0
0.2,0.03,4.0,0.5207037329673767,1.0
0.125,0.03,1.0,-0.02713632769882679,1.0
0.14285714285714285,0.03,3.0,0.04440879821777344,0.0
0.2857142857142857,0.03,3.0,0.15849027037620544,1.0
0.14285714285714285,0.03,5.0,0.24347783625125885,1.0
0.125,0.03,8.0,0.22606541216373444,1.0
0.25,0.03,1.0,0.20649585127830505,1.0
0.125,0.03,2.0,0.19548951089382172,1.0
0.125,0.03,2.0,0.19548951089382172,1.0
0.4,0.03,0.0,0.20649585127830505,1.0
0.4,0.03,1.0,0.45223528146743774,1.0
0.16666666666666666,0.03,2.0,0.4327542781829834,1.0
0.4,0.03,1.0,0.5629037022590637,1.0
0.16666666666666666,0.03,2.0,0.5158621072769165,1.0
0.16666666666666666,0.03,1.0,0.3867422342300415,1.0
0.16666666666666666,0.03,9.0,0.5161998271942139,1.0
0.16666666666666666,0.03,6.0,0.5248408317565918,1.0
0.4,0.03,7.0,0.30316630005836487,1.0
0.16666666666666666,0.03,0.0,0.35374021530151367,1.0
0.16666666666666666,0.03,7.0,0.5408374071121216,1.0
0.16666666666666666,92.44,1.0,0.21379688382148743,1.0
0.16666666666666666,0.03,10.0,0.2645595669746399,1.0
0.16666666666666666,92.44,6.0,0.33719709515571594,0.0
0.16666666666666666,0.03,7.0,0.42562931776046753,1.0
0.4,0.03,8.0,0.3809785544872284,1.0
0.4,0.03,1.0,0.4183693826198578,1.0
0.16666666666666666,0.03,10.0,0.43856269121170044,0.0
0.16666666666666666,0.03,2.0,0.34448370337486267,1.0
0.16666666666666666,0.03,7.0,0.5468498468399048,1.0
0.4,0.03,5.0,0.5686638951301575,1.0
0.16666666666666666,95.34,5.0,0.4605059325695038,0.0
0.25,0.0,4.0,0.5102177858352661,1.0
0.2,0.0,1.0,0.5122144818305969,1.0
0.2,0.0,0.0,0.23589785397052765,1.0
0.2,0.0,2.0,0.8619066476821899,1.0
0.16666666666666666,99.71,3.0,0.16293223202228546,1.0
0.14285714285714285,99.71,4.0,0.21147222816944122,1.0
0.125,99.71,9.0,0.0563836432993412,1.0
0.2,99.7,4.0,0.21772035956382751,1.0
0.2,33.94,2.0,0.14536087214946747,1.0
0.2,81.44,3.0,0.1766044944524765,1.0
0.2,81.44,10.0,0.29686832427978516,0.0
0.2,33.94,1.0,0.2843960225582123,1.0
0.2,81.44,2.0,0.44833147525787354,1.0
0.5,0.04,5.0,0.7935789227485657,1.0
0.25,0.04,7.0,0.4379473924636841,1.0
0.2,0.04,5.0,0.22275753319263458,1.0
0.2857142857142857,0.04,10.0,0.212047278881073,1.0
0.125,0.04,6.0,0.1277192085981369,1.0
0.2,0.04,3.0,0.22275753319263458,1.0
0.2,0.04,1.0,0.3297329545021057,1.0
0.14285714285714285,0.04,1.0,0.3297329545021057,1.0
0.2,0.04,1.0,0.5610426068305969,1.0
0.125,0.04,3.0,0.2718324065208435,1.0
0.2,0.04,4.0,0.4199213981628418,1.0
0.2,0.04,5.0,0.5289683938026428,1.0
0.2,0.04,10.0,0.45599743723869324,1.0
0.2,0.04,2.0,0.6270835995674133,1.0
0.2,0.04,3.0,0.416831910610199,1.0
0.2,20.01,1.0,0.41501981019973755,1.0
0.5,20.01,7.0,0.5961394309997559,1.0
0.2,0.04,5.0,0.6731114983558655,1.0
0.2,20.01,0.0,0.6169208884239197,1.0
0.2,20.01,2.0,0.48230108618736267,1.0
0.2,20.01,4.0,0.5936282277107239,1.0
0.2,0.04,9.0,0.5235980153083801,1.0
0.2,0.04,10.0,0.5319035649299622,1.0
0.2,20.01,9.0,0.504616916179657,1.0
0.2,0.04,7.0,0.6352142095565796,1.0
0.2,0.04,4.0,0.509558379650116,1.0
0.2,0.04,6.0,0.5913193225860596,1.0
0.2,0.04,3.0,0.2775780260562897,1.0
0.2,0.04,5.0,0.44304904341697693,1.0
0.25,81.08,0.0,0.23939882218837738,1.0
0.2,81.14,5.0,0.16096371412277222,1.0
0.2,81.19,4.0,0.2516356110572815,1.0
0.2,81.19,3.0,0.3968396484851837,1.0
0.125,81.19,6.0,0.25974854826927185,1.0
0.16666666666666666,81.19,5.0,0.12772901356220245,1.0
0.2,81.19,4.0,0.09560717642307281,1.0
0.25,81.19,3.0,0.16518369317054749,1.0
0.125,81.19,2.0,0.14975780248641968,0.0
0.14285714285714285,81.19,5.0,0.2742291986942291,1.0
0.5,81.19,0.0,0.28058624267578125,1.0
0.2,81.19,5.0,0.41699081659317017,1.0
0.2,81.19,5.0,0.37505483627319336,1.0
0.2,81.19,3.0,0.21300764381885529,1.0
0.2,81.19,8.0,0.31298455595970154,1.0
0.2,81.19,4.0,0.32463738322257996,1.0
0.2,81.19,2.0,0.5475618243217468,1.0
0.2,81.19,4.0,0.2818892002105713,1.0
0.2,81.19,10.0,0.38615182042121887,1.0
0.2,81.19,8.0,0.2244008481502533,1.0
0.5,81.19,1.0,0.3816636800765991,1.0
0.2,81.19,1.0,0.4274430572986603,1.0
0.2,81.19,7.0,0.37435147166252136,1.0
0.2,81.19,2.0,0.29768478870391846,1.0
0.2,81.19,7.0,0.35825154185295105,1.0
0.2,81.19,6.0,0.24536831676959991,1.0
0.2,81.19,6.0,0.2569034993648529,1.0
0.2,81.19,2.0,0.3944419026374817,1.0
0.2,81.19,10.0,0.3431176245212555,1.0
0.5,81.19,0.0,0.2628445029258728,1.0
0.16666666666666666,0.13,0.0,0.46334269642829895,1.0
0.2,0.08,9.0,0.43009403347969055,1.0
0.2,68.96,7.0,0.3554082214832306,1.0
0.125,68.96,4.0,0.18092882633209229,1.0
0.1111111111111111,68.96,8.0,0.485367089509964,0.0
0.16666666666666666,68.96,5.0,0.1553371697664261,0.0
0.25,68.96,4.0,0.1748630851507187,1.0
0.25,68.96,4.0,0.22847363352775574,1.0
0.25,68.96,1.0,0.05237162113189697,1.0
0.125,68.96,0.0,0.2484220266342163,1.0
0.25,68.96,2.0,0.08532131463289261,1.0
0.125,0.13,4.0,0.22847363352775574,1.0
0.2,0.13,0.0,0.4828586280345917,1.0
0.3333333333333333,0.13,3.0,0.4828586280345917,1.0
0.16666666666666666,0.13,0.0,0.5243393778800964,1.0
0.16666666666666666,0.57,4.0,0.242091566324234,0.0
0.16666666666666666,68.96,1.0,0.4768722653388977,1.0
0.2,0.13,8.0,0.4349379539489746,1.0
0.16666666666666666,0.13,5.0,0.4161818027496338,1.0
0.16666666666666666,0.13,5.0,0.3142447769641876,1.0
0.16666666666666666,0.13,0.0,0.5993968844413757,1.0
0.16666666666666666,0.13,1.0,0.2779897451400757,1.0
0.4,0.13,6.0,0.4051567614078522,1.0
0.16666666666666666,0.6,3.0,0.3742843568325043,1.0
0.4,68.96,0.0,0.43557822704315186,1.0
0.16666666666666666,0.6,10.0,0.23814216256141663,1.0
0.16666666666666666,68.96,4.0,0.48899441957473755,1.0
0.16666666666666666,0.13,0.0,0.2944509983062744,1.0
0.16666666666666666,68.96,1.0,0.27824702858924866,1.0
0.16666666666666666,68.96,2.0,0.3227914273738861,0.0
0.16666666666666666,0.13,1.0,0.5733733177185059,1.0
0.16666666666666666,68.96,2.0,0.4105204641819,1.0
0.16666666666666666,68.96,2.0,0.36556994915008545,0.0
0.16666666666666666,0.6,3.0,0.40463748574256897,1.0
0.16666666666666666,0.6,6.0,0.3106776773929596,1.0
0.16666666666666666,0.6,3.0,0.5946595072746277,1.0
0.16666666666666666,0.6,3.0,0.55748051404953,1.0
0.16666666666666666,0.13,2.0,0.5912204384803772,1.0
0.4,0.13,3.0,0.3672037124633789,1.0
0.16666666666666666,0.13,7.0,0.4969489872455597,1.0
0.16666666666666666,0.13,3.0,0.2785252332687378,0.0
0.16666666666666666,0.13,4.0,0.36079415678977966,1.0
0.16666666666666666,0.13,0.0,0.3414551913738251,1.0
0.16666666666666666,68.96,1.0,0.39920032024383545,1.0
0.16666666666666666,0.13,0.0,0.4302317798137665,1.0
0.16666666666666666,0.13,3.0,0.3658958971500397,1.0
0.16666666666666666,68.96,3.0,0.1949102133512497,1.0
0.16666666666666666,99.77,1.0,0.2693710923194885,1.0
0.4,87.11,2.0,0.36537954211235046,1.0
0.16666666666666666,93.86,9.0,0.21579976379871368,0.0
0.16666666666666666,85.32,8.0,0.3330738842487335,1.0
0.16666666666666666,99.77,2.0,0.13827191293239594,1.0
0.2,0.0,8.0,0.2756073474884033,1.0
0.5,52.57,7.0,0.19306369125843048,1.0
0.3333333333333333,0.0,4.0,0.35340213775634766,1.0
0.2,0.0,2.0,0.31874343752861023,1.0
0.125,0.0,10.0,0.3921543061733246,1.0
0.16666666666666666,0.0,2.0,0.3770863115787506,1.0
0.2,0.0,0.0,0.3212694227695465,1.0
0.2,0.0,1.0,0.5140771269798279,1.0
0.2,89.99,5.0,0.5517994165420532,1.0
0.2,0.0,8.0,0.34938251972198486,1.0
0.2,0.0,2.0,0.4884164333343506,1.0
0.2,0.0,6.0,0.41581839323043823,1.0
0.2,0.0,7.0,0.35953274369239807,1.0
0.2,0.0,5.0,0.4952409565448761,1.0
0.2,0.0,3.0,0.5679811239242554,1.0
0.5,0.0,1.0,0.529582679271698,1.0
0.2,89.99,8.0,0.28976380825042725,1.0
0.5,90.4,3.0,0.32702940702438354,1.0
0.2,90.4,0.0,0.258679062128067,1.0
0.2,90.4,10.0,0.2542610168457031,1.0
0.2,0.0,7.0,0.3578299582004547,1.0
0.2,0.0,7.0,0.15368162095546722,1.0
0.2,52.57,1.0,0.16243474185466766,1.0
0.2,0.0,10.0,0.31268319487571716,1.0
0.2,0.0,10.0,0.16454355418682098,1.0
0.16666666666666666,0.0,6.0,0.2766426205635071,1.0
0.16666666666666666,0.0,10.0,0.4684377908706665,1.0
0.4,0.0,10.0,0.4313812553882599,1.0
0.25,0.0,7.0,0.3501470386981964,1.0
0.25,0.0,4.0,0.15190346539020538,1.0
0.5,0.0,8.0,0.27161797881126404,1.0
0.2,0.0,0.0,0.16525860130786896,1.0
0.2,89.99,3.0,0.3346520662307739,1.0
0.2,89.99,10.0,0.25731027126312256,1.0
0.2,0.0,0.0,0.3956509232521057,1.0
0.2,0.0,10.0,0.3499692678451538,1.0
0.2,0.0,3.0,0.18931028246879578,1.0
0.5,0.0,1.0,0.2975366413593292,1.0
0.2,0.0,3.0,0.2815212607383728,1.0
0.5,0.0,3.0,0.3533742129802704,1.0
0.5,0.0,9.0,0.35438019037246704,1.0
0.2,89.99,10.0,0.43691352009773254,1.0
0.2,0.0,0.0,0.30820709466934204,1.0
0.2,89.99,0.0,0.40262606739997864,1.0
0.16666666666666666,0.0,1.0,0.46786388754844666,1.0
0.16666666666666666,0.0,2.0,0.210283100605011,1.0
0.5,0.0,4.0,0.2074534147977829,1.0
0.16666666666666666,0.41,4.0,0.24022017419338226,1.0
0.16666666666666666,56.94,4.0,0.2208215892314911,1.0
0.16666666666666666,0.0,5.0,0.3618726432323456,1.0
0.16666666666666666,0.65,8.0,0.34132543206214905,1.0
0.16666666666666666,0.0,5.0,0.3612709641456604,1.0
0.16666666666666666,0.0,1.0,0.4163380563259125,1.0
0.16666666666666666,0.0,2.0,0.35742104053497314,1.0
0.16666666666666666,0.0,3.0,0.41291937232017517,1.0
0.16666666666666666,0.0,2.0,0.3657644987106323,1.0
0.16666666666666666,0.0,4.0,0.5172674059867859,1.0
0.16666666666666666,0.0,0.0,0.3630484938621521,1.0
0.16666666666666666,0.0,10.0,0.34327101707458496,1.0
0.16666666666666666,0.0,2.0,0.34946948289871216,1.0
0.16666666666666666,0.0,7.0,0.3172619044780731,1.0
0.4,0.0,4.0,0.582785427570343,1.0
0.16666666666666666,0.0,2.0,0.47140881419181824,1.0
0.16666666666666666,0.0,1.0,0.32130369544029236,1.0
0.25,93.32,7.0,0.13819749653339386,1.0
0.2,0.0,4.0,0.40889790654182434,1.0
0.2,0.12,5.0,0.29605817794799805,1.0
0.2,0.13,3.0,0.19088837504386902,1.0
0.14285714285714285,68.96,1.0,0.05419398099184036,1.0
0.125,68.96,7.0,0.12078866362571716,1.0
0.25,68.96,7.0,0.24512383341789246,1.0
0.16666666666666666,68.96,10.0,0.04721175879240036,1.0
0.25,68.96,9.0,0.05419398099184036,0.0
0.16666666666666666,0.13,3.0,0.12985914945602417,1.0
0.16666666666666666,0.13,0.0,0.15028001368045807,1.0
0.14285714285714285,68.96,1.0,0.08775430172681808,1.0
0.125,68.96,6.0,0.12531939148902893,1.0
0.16666666666666666,0.13,6.0,0.010162940248847008,1.0
0.2,0.13,3.0,0.1215040534734726,1.0
0.2,0.0,4.0,0.2294006496667862,1.0
0.2,0.13,5.0,0.16396170854568481,1.0
0.2,0.6,4.0,0.0713232010602951,0.0
0.2,0.13,2.0,0.1882970929145813,1.0
0.2,0.13,1.0,0.08002614974975586,1.0
0.2,0.13,3.0,0.15919089317321777,1.0
0.2,0.13,0.0,0.13184407353401184,1.0
0.2,0.13,1.0,0.08183381706476212,1.0
0.2,68.96,3.0,0.15709038078784943,1.0
0.2,68.96,5.0,0.16977736353874207,1.0
0.2,0.13,3.0,0.0972808375954628,0.0
0.2,0.13,0.0,0.17770889401435852,1.0
0.2,68.96,5.0,0.19248361885547638,1.0
0.2,68.96,2.0,0.05724959075450897,1.0
0.2,0.6,8.0,0.13690711557865143,1.0
0.2,68.96,4.0,0.1294347196817398,1.0
0.2,68.96,7.0,0.30661875009536743,1.0
0.2,68.96,4.0,0.07148253917694092,1.0
0.2,0.13,5.0,0.051341712474823,1.0
0.2,0.13,10.0,0.13140882551670074,1.0
0.2,0.13,1.0,0.1950317770242691,1.0
0.2,0.13,3.0,0.07473640888929367,1.0
0.2,68.96,2.0,0.1053944081068039,1.0
0.2,0.0,1.0,0.45654723048210144,1.0
0.2,0.0,3.0,0.17006127536296844,1.0
0.25,0.0,5.0,0.4622800946235657,1.0
0.2,0.0,0.0,0.3247739374637604,1.0
0.2,0.0,2.0,0.42607611417770386,1.0
0.2,0.0,7.0,0.39856311678886414,1.0
0.2,0.0,1.0,0.42282721400260925,1.0
0.2,0.0,6.0,0.5411584377288818,1.0
0.2,0.0,1.0,0.3518189489841461,1.0
0.2,0.0,3.0,0.5127395987510681,1.0
0.2,0.0,9.0,0.3061874806880951,1.0
0.2,0.0,2.0,0.3024735748767853,1.0
0.25,73.16,10.0,0.0959344357252121,1.0
0.2857142857142857,73.16,0.0,0.32096344232559204,1.0
0.125,73.16,2.0,0.19156788289546967,1.0
0.125,73.16,1.0,0.3997398018836975,1.0
0.125,73.16,7.0,0.0959344357252121,0.0
0.2857142857142857,73.16,4.0,0.32794901728630066,1.0
0.2,73.17,2.0,0.23560349643230438,1.0
0.2,73.17,1.0,0.2737411856651306,1.0
0.2,73.17,2.0,0.26843008399009705,1.0
0.2,73.17,1.0,0.3484550416469574,1.0
0.2,73.17,1.0,0.2054685354232788,1.0
0.2,73.16,10.0,0.33331266045570374,1.0
0.2,86.96,9.0,0.7120985984802246,1.0
0.2,86.96,9.0,0.36002057790756226,0.0
0.2,0.03,5.0,0.1843196004629135,1.0
0.2,0.0,4.0,0.2809000015258789,1.0
0.2,25.43,3.0,0.4717685282230377,1.0
0.2,0.15,8.0,0.3941422998905182,1.0
0.2,0.16,4.0,0.27259719371795654,1.0
0.2,0.0,1.0,0.4069599211215973,1.0
0.2,0.0,2.0,0.19522908329963684,1.0
0.14285714285714285,0.0,7.0,0.23380520939826965,1.0
0.2,0.0,2.0,0.23380520939826965,1.0
0.14285714285714285,0.0,4.0,0.31644198298454285,1.0
0.14285714285714285,0.0,2.0,0.1551719456911087,1.0
0.2,0.0,1.0,0.23380520939826965,1.0
0.25,0.0,9.0,0.2745232582092285,0.0
0.25,0.0,1.0,0.4070700407028198,1.0
0.2,0.0,0.0,0.30543753504753113,1.0
0.2,0.0,0.0,0.44591519236564636,1.0
0.5,0.0,4.0,0.240797221660614,1.0
0.2,0.0,2.0,0.29676353931427,1.0
0.2,0.0,8.0,0.42749860882759094,0.0
0.2,0.0,9.0,0.3403342664241791,0.0
0.2,0.0,6.0,0.36217042803764343,1.0
0.2,0.0,8.0,0.3268422484397888,0.0
0.2,0.0,4.0,0.19520287215709686,1.0
0.2,0.0,10.0,0.31920552253723145,0.0
0.2,0.0,1.0,0.4660910665988922,1.0
0.2,0.0,2.0,0.30460795760154724,1.0
0.2,0.0,1.0,0.3142816722393036,1.0
0.2,0.0,9.0,0.2837371230125427,1.0
0.2,92.42,0.0,0.3226839005947113,1.0
0.2,92.42,7.0,0.26343050599098206,0.0
0.2,0.0,8.0,0.386127233505249,1.0
0.2,0.0,10.0,0.4078369140625,1.0
0.2,0.0,2.0,0.368198424577713,1.0
0.2,0.0,4.0,0.38976162672042847,1.0
0.2,0.0,1.0,0.38158658146858215,1.0
0.5,0.0,5.0,0.30989208817481995,1.0
0.2,0.0,7.0,0.24281679093837738,0.0
0.5,92.42,5.0,0.3568779528141022,1.0
0.5,0.0,2.0,0.3810931444168091,1.0
0.2,92.42,0.0,0.3450906574726105,1.0
0.2,95.37,4.0,0.3289753496646881,0.0
0.25,41.26,2.0,0.4210529625415802,1.0
0.16666666666666666,0.0,10.0,0.1024421751499176,0.0
0.125,0.0,2.0,0.24104152619838715,1.0
0.125,0.0,7.0,0.21947331726551056,0.0
0.14285714285714285,0.0,8.0,0.21947331726551056,1.0
0.14285714285714285,0.0,6.0,0.24104152619838715,1.0
0.14285714285714285,0.0,9.0,0.18334868550300598,1.0
0.3333333333333333,0.0,0.0,0.363943874835968,1.0
0.2,0.0,5.0,0.32480865716934204,1.0
0.2,41.26,8.0,0.30895188450813293,0.0
0.5,0.0,7.0,0.24241028726100922,1.0
0.2,41.26,1.0,0.35634657740592957,1.0
0.2,41.26,1.0,0.2876359224319458,1.0
0.2,0.0,1.0,0.3715589642524719,1.0
0.2,41.26,5.0,0.28009986877441406,1.0
0.2,0.0,3.0,0.35616809129714966,1.0
0.2,0.0,4.0,0.26818737387657166,1.0
0.2,0.12,3.0,0.2696768641471863,1.0
0.25,0.03,8.0,0.37690383195877075,1.0
0.25,0.03,6.0,0.2447686493396759,1.0
0.2,0.03,3.0,0.0713411197066307,1.0
0.14285714285714285,0.03,3.0,0.07931901514530182,1.0
0.3333333333333333,0.03,1.0,0.05214505270123482,1.0
0.125,0.03,5.0,0.0713411197066307,1.0
0.14285714285714285,0.03,6.0,0.20723256468772888,1.0
0.25,0.03,4.0,0.10607627779245377,1.0
0.25,0.03,7.0,0.38296499848365784,1.0
0.25,0.03,4.0,0.2155122458934784,1.0
0.5,0.03,9.0,0.2836841642856598,1.0
0.2,92.44,5.0,0.22808383405208588,1.0
0.5,92.44,2.0,0.3425373435020447,1.0
0.2,0.03,2.0,0.20843328535556793,1.0
0.2,0.03,0.0,0.2246401607990265,1.0
0.2,0.03,9.0,0.24604739248752594,1.0
0.2,0.03,7.0,0.18882253766059875,1.0
0.2,95.34,9.0,0.203170508146286,1.0
0.2,8.7,8.0,0.14439810812473297,1.0
0.25,8.75,0.0,0.10061503946781158,1.0
0.16666666666666666,8.75,2.0,0.11974265426397324,1.0
0.16666666666666666,8.75,6.0,-0.026890713721513748,1.0
0.3333333333333333,8.75,3.0,0.07398894429206848,1.0
0.2,8.75,9.0,0.23565362393856049,1.0
0.125,8.75,1.0,0.30644500255584717,1.0
0.2,8.75,0.0,0.38193580508232117,1.0
0.2,8.75,3.0,0.2720937728881836,1.0
0.2,8.75,10.0,0.5094859004020691,1.0
0.2,82.7,7.0,0.4276753067970276,1.0
0.2,8.75,6.0,0.1993444412946701,1.0
0.2,8.75,9.0,0.21957792341709137,1.0
0.2,8.75,0.0,0.32009798288345337,1.0
0.2,8.75,2.0,0.27677011489868164,1.0
0.2,8.75,2.0,0.34658360481262207,1.0
0.2,8.75,3.0,0.24011081457138062,1.0
0.2,8.75,1.0,0.24071058630943298,1.0
0.2,8.75,3.0,0.2913877069950104,1.0
0.2,82.7,6.0,0.24893687665462494,1.0
0.2,82.7,4.0,0.2437325268983841,1.0
0.2,0.0,2.0,0.13142763078212738,1.0
0.2,0.03,7.0,0.4372153878211975,1.0
0.2,68.31,6.0,0.12811921536922455,1.0
0.2,0.0,3.0,0.3337482213973999,1.0
0.2,0.65,4.0,0.34563860297203064,1.0
0.2,0.0,10.0,0.24644561111927032,0.0
0.2,0.0,2.0,0.3791506588459015,1.0
0.2,0.0,7.0,0.47136130928993225,1.0
0.2,0.0,2.0,0.27147799730300903,1.0
0.2,0.0,8.0,0.3777216970920563,1.0
0.2,0.0,1.0,0.31853464245796204,1.0
0.2,0.2,2.0,0.3495716154575348,1.0
0.25,0.03,2.0,0.09488054364919662,1.0
0.2,92.44,3.0,0.04145774245262146,1.0
0.2,0.03,5.0,0.08357786387205124,1.0
0.2,0.03,5.0,0.045080557465553284,1.0
0.14285714285714285,0.03,9.0,0.04038061201572418,0.0
0.14285714285714285,0.03,0.0,0.16967591643333435,1.0
0.125,0.03,7.0,-0.011365448124706745,1.0
0.14285714285714285,0.03,6.0,0.125657856464386,1.0
0.2,0.03,9.0,0.05165624991059303,1.0
0.2,0.03,6.0,0.040123987942934036,1.0
0.2,0.03,7.0,0.06478407979011536,1.0
0.2,0.03,6.0,0.0722690150141716,1.0
0.2,0.03,9.0,0.05853242799639702,1.0
0.2,0.03,1.0,0.053036630153656006,1.0
0.2,0.03,0.0,0.1615762859582901,1.0
0.2,0.03,3.0,0.04833526164293289,1.0
0.2,0.03,7.0,-0.004547334276139736,1.0
0.2,0.03,2.0,0.24627114832401276,1.0
0.2,0.03,1.0,0.05150351673364639,1.0
0.2,0.03,3.0,0.14055724442005157,1.0
0.2,0.0,5.0,0.7827000021934509,1.0
0.2,0.18,4.0,0.5746859908103943,1.0
0.2,89.89,5.0,0.10930526256561279,1.0
0.25,0.0,10.0,0.6645830273628235,1.0
0.125,0.0,4.0,0.165937602519989,0.0
0.25,0.0,4.0,0.09083164483308792,1.0
0.125,0.0,1.0,0.49611905217170715,1.0
0.2,0.0,7.0,0.06966124475002289,1.0
0.2857142857142857,0.0,7.0,0.165937602519989,1.0
0.2857142857142857,0.0,1.0,0.03114049881696701,1.0
0.14285714285714285,0.0,10.0,0.23970772325992584,0.0
0.4,0.0,9.0,0.11882349848747253,1.0
0.2,0.0,4.0,0.3512783348560333,1.0
0.2,0.0,7.0,0.2582740783691406,1.0
0.2,0.0,4.0,0.6139015555381775,1.0
0.2,0.0,0.0,0.4845682978630066,1.0
0.2,0.0,1.0,0.2164609432220459,1.0
0.2,0.0,9.0,0.2640887200832367,0.0
0.2,0.0,6.0,0.4213111698627472,1.0
0.2,0.0,6.0,0.28977349400520325,1.0
0.2,0.0,7.0,0.06611168384552002,1.0
0.2,0.0,1.0,0.24662230908870697,1.0
0.25,72.82,7.0,0.5385933518409729,1.0
0.3333333333333333,24.79,7.0,0.412309855222702,0.0
0.16666666666666666,24.79,6.0,0.06524910777807236,1.0
0.3333333333333333,24.79,0.0,0.1758367121219635,1.0
0.14285714285714285,24.79,1.0,0.13088010251522064,1.0
0.3333333333333333,93.19,10.0,0.0527033694088459,1.0
0.25,93.32,3.0,0.3912501335144043,1.0
0.25,93.32,4.0,0.3741956055164337,1.0
0.25,93.68,1.0,0.29414597153663635,1.0
0.25,0.73,5.0,0.1967111974954605,1.0
0.25,93.68,7.0,0.514985203742981,1.0
0.25,24.79,6.0,0.2615392208099365,0.0
0.25,24.79,3.0,0.3630214333534241,1.0
0.25,66.03,7.0,0.2638150453567505,1.0
0.25,93.19,3.0,0.45755094289779663,1.0
0.25,93.19,7.0,0.37938424944877625,1.0
0.25,93.19,5.0,0.41137295961380005,1.0
0.25,93.19,7.0,0.3775945007801056,1.0
0.6666666666666666,0.13,2.0,0.6840180158615112,1.0
0.6666666666666666,0.15,2.0,0.6275389194488525,1.0
0.5,0.03,4.0,0.10852371901273727,1.0
0.16666666666666666,0.03,9.0,0.10852371901273727,1.0
0.2,0.03,4.0,0.21497975289821625,1.0
0.3333333333333333,0.03,10.0,0.1374371349811554,1.0
0.25,0.03,5.0,0.3999442756175995,1.0
0.25,0.03,5.0,0.3159186542034149,1.0
0.25,0.03,4.0,0.2967112362384796,1.0
0.25,0.03,5.0,0.45367297530174255,1.0
0.6666666666666666,0.03,1.0,0.6404116749763489,1.0
0.25,0.03,9.0,0.3249601423740387,1.0
0.25,0.03,0.0,0.4448300302028656,1.0
0.25,0.03,4.0,0.6289220452308655,1.0
0.25,0.03,6.0,0.39562851190567017,1.0
0.25,0.03,8.0,0.4185981750488281,1.0
0.25,0.03,1.0,0.2723095118999481,1.0
0.25,0.03,3.0,0.5600512027740479,1.0
0.25,0.03,5.0,0.5043147206306458,1.0
0.25,0.03,3.0,0.3412395715713501,1.0
0.6666666666666666,0.03,8.0,0.6958984136581421,1.0
0.2,0.24,2.0,0.2622700333595276,1.0
0.2,86.31,4.0,0.25758853554725647,1.0
0.5,89.89,5.0,0.4091736376285553,1.0
0.5,0.0,8.0,0.3037835657596588,1.0
0.16666666666666666,0.0,6.0,0.3037835657596588,1.0
0.25,0.0,1.0,0.2317505180835724,1.0
0.125,0.0,7.0,0.12432263791561127,1.0
0.16666666666666666,0.0,9.0,0.26614171266555786,1.0
0.5,0.0,9.0,0.2955138087272644,1.0
0.14285714285714285,0.0,10.0,0.1546795815229416,1.0
0.2,0.0,1.0,0.2612280249595642,1.0
0.5,0.0,2.0,0.34612369537353516,1.0
0.2,0.0,5.0,0.35129621624946594,1.0
0.2,0.0,9.0,0.3557758331298828,1.0
0.2,0.0,7.0,0.2684023082256317,0.0
0.2,0.0,4.0,0.2850077450275421,1.0
0.2,0.0,10.0,0.36437860131263733,1.0
0.2,0.0,6.0,0.507041335105896,1.0
0.2,0.0,2.0,0.44161471724510193,1.0
0.2,0.0,1.0,0.4297953248023987,1.0
0.2,78.42,2.0,0.16698215901851654,1.0
0.5,0.0,0.0,0.2886767089366913,1.0
0.2,78.42,7.0,0.31634706258773804,1.0
0.2,0.12,1.0,0.343290239572525,1.0
0.25,63.28,4.0,0.24212417006492615,0.0
0.2,0.13,1.0,0.7165704965591431,1.0
0.14285714285714285,68.96,5.0,0.10519131273031235,1.0
0.3333333333333333,0.13,9.0,0.12169457972049713,1.0
0.125,68.96,9.0,0.2243448793888092,1.0
0.2,0.13,7.0,0.3109104633331299,1.0
0.125,68.96,3.0,0.20826976001262665,0.0
0.14285714285714285,68.96,3.0,0.2243448793888092,0.0
0.4,0.13,4.0,0.2270144373178482,1.0
0.14285714285714285,68.96,5.0,0.15370473265647888,1.0
0.125,68.96,10.0,0.4057471454143524,0.0
0.2,68.96,3.0,0.12169457972049713,1.0
0.16666666666666666,0.13,2.0,0.09631691128015518,1.0
0.2,0.13,1.0,0.36393460631370544,1.0
0.2,0.6,0.0,0.31056714057922363,1.0
0.2,0.13,1.0,0.3446228504180908,1.0
0.2,0.13,6.0,0.41013166308403015,1.0
0.2,0.13,1.0,0.24044306576251984,1.0
0.5,0.6,4.0,0.1781524121761322,1.0
0.2,68.96,1.0,0.2529178261756897,1.0
0.5,68.96,10.0,0.16865943372249603,1.0
0.2,0.13,1.0,0.2882470488548279,1.0
0.2,68.96,0.0,0.17218485474586487,1.0
0.5,0.13,2.0,0.2510823905467987,1.0
0.2,0.13,4.0,0.3506612777709961,1.0
0.2,68.96,1.0,0.37633782625198364,1.0
0.2,0.13,3.0,0.2792279124259949,1.0
0.2,68.96,2.0,0.29081153869628906,1.0
0.2,68.96,6.0,0.27897536754608154,1.0
0.2,0.6,4.0,0.47670188546180725,1.0
0.2,68.96,5.0,0.18842317163944244,0.0
0.2,68.96,8.0,0.1800064593553543,1.0
0.2,0.6,4.0,0.5063749551773071,1.0
0.2,68.96,8.0,0.25974732637405396,1.0
0.2,0.6,3.0,0.36107179522514343,1.0
0.2,0.13,1.0,0.39153382182121277,1.0
0.5,0.13,1.0,0.23198635876178741,1.0
0.2,0.13,0.0,0.2632696330547333,1.0
0.2,0.13,9.0,0.22488988935947418,1.0
0.2,0.13,5.0,0.4231876730918884,1.0
0.5,0.13,4.0,0.2709846794605255,1.0
0.2,0.13,1.0,0.3427944779396057,1.0
0.2,0.13,1.0,0.32073429226875305,1.0
0.2,68.96,4.0,0.2578168213367462,1.0
0.2,85.32,7.0,0.3192480206489563,1.0
0.2,85.32,9.0,0.27417510747909546,1.0
0.25,0.0,2.0,0.533570408821106,1.0
0.6666666666666666,99.7,8.0,0.5960609912872314,1.0
0.14285714285714285,99.71,4.0,0.12048859149217606,1.0
0.4,99.71,8.0,0.15123248100280762,1.0
0.14285714285714285,99.71,9.0,0.10108227282762527,1.0
0.25,99.7,0.0,0.35517123341560364,1.0
0.25,33.94,6.0,0.3034779727458954,1.0
0.25,99.7,3.0,0.2469850480556488,1.0
0.25,99.7,1.0,0.33578917384147644,1.0
0.25,33.94,3.0,0.3207549452781677,1.0
0.25,99.71,3.0,0.5878074765205383,1.0
0.25,33.94,0.0,0.39327672123908997,1.0
0.2,0.06,3.0,-0.0038420665077865124,1.0
0.2,0.06,7.0,0.28467264771461487,1.0
0.25,0.06,8.0,0.09515455365180969,1.0
0.125,0.06,2.0,0.20441973209381104,1.0
0.5,0.06,8.0,0.32222265005111694,1.0
0.2,0.06,2.0,0.3279508650302887,1.0
0.2,89.93,1.0,0.3367258310317993,1.0
0.2,89.93,4.0,0.3473568260669708,1.0
0.2,0.06,5.0,0.33945232629776,1.0
0.2,0.06,9.0,0.20430870354175568,0.0
0.2,0.06,1.0,0.2081761211156845,1.0
0.2,0.06,10.0,0.4393269717693329,1.0
0.2,0.06,5.0,0.41212406754493713,1.0
0.2,0.06,7.0,0.4016377329826355,1.0
0.2,89.93,4.0,0.2703658640384674,1.0
0.2,68.31,4.0,0.12031839042901993,1.0
0.2,56.94,2.0,0.1516987532377243,1.0
0.2,0.0,7.0,0.2746199667453766,1.0
0.2,0.0,4.0,0.4243223965167999,1.0
0.2,0.0,1.0,0.3055785894393921,1.0
0.2,0.0,4.0,0.2719366252422333,1.0
0.2,0.0,4.0,0.3647550344467163,1.0
0.25,0.5,5.0,0.3490375280380249,1.0
0.14285714285714285,0.68,8.0,0.1333184391260147,0.0
0.25,0.68,4.0,0.17458777129650116,1.0
0.3333333333333333,0.68,3.0,0.1267094612121582,1.0
0.25,0.68,8.0,0.11062128096818924,1.0
0.25,0.68,2.0,0.38971826434135437,1.0
0.25,0.68,5.0,0.5368832945823669,1.0
0.25,0.68,8.0,0.5861884355545044,1.0
0.25,0.68,4.0,0.639236330986023,1.0
0.25,79.06,6.0,0.457302063703537,1.0
0.25,0.68,7.0,0.5618325471878052,1.0
0.25,0.68,6.0,0.4572206139564514,1.0
0.25,0.68,10.0,0.3726605474948883,1.0
0.25,0.68,0.0,0.43653377890586853,1.0
0.25,0.0,2.0,0.3542666733264923,1.0
0.2,0.0,2.0,0.2412547618150711,1.0
0.25,0.0,2.0,0.14110048115253448,1.0
0.2,0.03,5.0,0.5280367136001587,1.0
0.2,0.0,1.0,0.33744609355926514,1.0
0.2,0.0,1.0,0.3563498258590698,1.0
0.2,0.65,6.0,0.4501670002937317,1.0
0.2,0.0,3.0,0.29630282521247864,1.0
0.2,0.0,8.0,0.2782799303531647,1.0
0.2,0.0,4.0,0.35792216658592224,1.0
0.2,0.0,2.0,0.31193795800209045,1.0
0.2,0.0,0.0,0.2840407192707062,1.0
0.2,0.0,6.0,0.3651832938194275,1.0
0.2,0.0,6.0,0.3202371597290039,1.0
0.2,0.0,4.0,0.6069139242172241,1.0
0.2,0.0,9.0,0.31701475381851196,1.0
0.2,0.0,1.0,0.330491304397583,1.0
0.2,0.0,1.0,0.39357227087020874,1.0
0.25,0.0,10.0,0.609375536441803,1.0
0.2,36.04,6.0,0.4719764292240143,1.0
0.25,36.04,5.0,0.3469248116016388,1.0
0.25,1.06,6.0,0.21559545397758484,1.0
0.16666666666666666,0.04,10.0,0.0526510514318943,1.0
0.14285714285714285,0.04,3.0,0.1418766975402832,1.0
0.2,0.04,9.0,0.30626553297042847,1.0
0.16666666666666666,0.04,10.0,0.15870840847492218,1.0
0.2,0.0,9.0,0.35816529393196106,1.0
0.2,0.24,3.0,0.4671532213687897,1.0
0.2,0.18,1.0,0.6774588227272034,1.0
0.25,0.0,3.0,0.3090669512748718,1.0
0.5,0.0,2.0,0.4470340609550476,1.0
0.25,0.0,5.0,0.6379058361053467,1.0
0.2,0.0,6.0,0.21368947625160217,1.0
0.125,0.0,2.0,0.21368947625160217,1.0
0.2857142857142857,0.0,4.0,0.009581088088452816,1.0
0.3333333333333333,0.0,0.0,0.1486312747001648,1.0
0.2,78.42,6.0,0.2681741714477539,1.0
0.2,0.0,3.0,0.3664206266403198,1.0
0.2,0.0,2.0,0.4563368558883667,1.0
0.2,0.0,2.0,0.3362081050872803,1.0
0.2,0.0,0.0,0.253113329410553,1.0
0.2,0.0,9.0,0.6942005157470703,1.0
0.2,0.0,7.0,0.33138781785964966,1.0
0.2,0.0,7.0,0.3665367364883423,1.0
0.2,0.0,5.0,0.4141598045825958,1.0
0.5,0.0,6.0,0.35298195481300354,1.0
0.2,0.0,4.0,0.3936135768890381,0.0
0.2,0.0,7.0,0.35523077845573425,1.0
0.2,0.0,1.0,0.496406227350235,1.0
0.2,0.0,1.0,0.4493846595287323,1.0
0.2,0.0,9.0,0.4520702064037323,1.0
0.2,0.0,1.0,0.4188085198402405,1.0
0.2,0.0,7.0,0.3061668574810028,1.0
0.2,0.0,3.0,0.362675279378891,1.0
0.2,0.0,4.0,0.28645357489585876,1.0
0.2,0.0,4.0,0.44975781440734863,1.0
0.2,0.1,2.0,0.2255186289548874,1.0
0.6666666666666666,0.1,6.0,0.24634909629821777,1.0
0.25,68.87,8.0,0.27260756492614746,1.0
0.14285714285714285,68.87,6.0,0.19476191699504852,1.0
0.14285714285714285,0.1,5.0,0.17495015263557434,1.0
0.125,68.87,10.0,0.1390741467475891,1.0
0.25,68.87,3.0,0.053688522428274155,1.0
0.3333333333333333,0.1,6.0,0.09410615265369415,1.0
0.2,0.1,6.0,0.2600755989551544,1.0
0.125,68.87,6.0,0.34690672159194946,1.0
0.14285714285714285,68.87,2.0,0.1390741467475891,1.0
0.16666666666666666,0.1,5.0,0.17495015263557434,1.0
0.25,0.1,5.0,0.2752276360988617,1.0
0.16666666666666666,0.1,1.0,0.1852293759584427,1.0
0.2,0.1,2.0,0.16925182938575745,1.0
0.2,0.1,5.0,0.23292040824890137,1.0
0.2,0.12,9.0,0.17787772417068481,1.0
0.2,68.87,3.0,0.19022026658058167,1.0
0.2,0.6,1.0,0.13255813717842102,1.0
0.25,0.1,10.0,0.25095683336257935,1.0
0.2,0.1,7.0,0.3190500736236572,1.0
0.2,0.1,2.0,0.19917383790016174,1.0
0.2,0.1,5.0,0.22699059545993805,1.0
0.2,68.87,2.0,0.21487140655517578,1.0
0.2,68.87,0.0,0.30151015520095825,1.0
0.2,0.6,4.0,0.26175954937934875,1.0
0.2,0.1,2.0,0.1636410504579544,1.0
0.2,0.1,3.0,0.11598248779773712,1.0
0.5,0.1,5.0,0.30612051486968994,1.0
0.2,68.87,0.0,0.2816465198993683,1.0
0.2,0.6,2.0,0.29326605796813965,1.0
0.2,68.87,9.0,0.1979946494102478,1.0
0.2,0.1,0.0,0.13656426966190338,1.0
0.5,68.87,9.0,0.3062225580215454,1.0
0.5,0.1,6.0,0.2754102051258087,1.0
0.2,0.1,2.0,0.14774657785892487,1.0
0.2,68.87,6.0,0.17072662711143494,1.0
0.2,93.78,3.0,0.2171456515789032,1.0
0.2,87.02,7.0,0.5419684052467346,1.0
0.25,0.03,7.0,0.7092770934104919,1.0
0.25,92.44,0.0,0.3345583975315094,1.0
0.6666666666666666,92.44,4.0,0.4045768976211548,1.0
0.2,0.03,8.0,0.03552217781543732,1.0
0.125,0.03,7.0,0.07872223854064941,1.0
0.3333333333333333,0.03,4.0,0.14697541296482086,1.0
0.125,0.03,6.0,0.1638820767402649,1.0
0.14285714285714285,0.03,7.0,-0.04437199607491493,1.0
0.2,0.03,5.0,0.3525684177875519,1.0
0.2,0.03,7.0,0.28028568625450134,1.0
0.2,0.03,7.0,0.20148684084415436,1.0
0.2,0.03,4.0,0.6043379902839661,1.0
0.2,0.03,1.0,0.2706490159034729,1.0
0.2,0.03,4.0,0.31228354573249817,1.0
0.2,0.03,10.0,0.2122892141342163,1.0
0.2,0.03,2.0,0.35758939385414124,1.0
0.2,0.03,6.0,0.673977255821228,1.0
0.2,25.43,1.0,0.4297138452529907,1.0
0.2,0.16,0.0,0.4199238121509552,1.0
0.25,0.0,9.0,0.22415296733379364,1.0
0.2,0.0,3.0,0.5483497977256775,1.0
0.2,0.0,2.0,0.3038029670715332,1.0
0.14285714285714285,0.0,2.0,0.3710106909275055,1.0
0.4,0.0,8.0,0.16773854196071625,1.0
0.125,0.0,4.0,0.3038029670715332,1.0
0.14285714285714285,0.0,1.0,0.07774873822927475,1.0
0.25,0.0,5.0,0.20423029363155365,1.0
0.2,0.0,2.0,0.40551215410232544,1.0
0.2,0.0,3.0,0.3624851405620575,1.0
0.2,0.0,5.0,0.3872506618499756,1.0
0.2,0.0,4.0,0.3994376063346863,1.0
0.2,0.0,5.0,0.38519585132598877,1.0
0.2,0.0,2.0,0.4356403946876526,1.0
0.2,0.0,2.0,0.32040467858314514,0.0
0.2,0.0,5.0,0.4932540953159332,1.0
0.2,0.0,10.0,0.33403003215789795,0.0
0.2,0.0,3.0,0.39237117767333984,1.0
0.2,0.0,0.0,0.5302947163581848,1.0
0.2,0.0,3.0,0.5932618975639343,1.0
0.2,0.0,2.0,0.1815686970949173,1.0
0.5,0.0,5.0,0.39107781648635864,1.0
0.2,92.42,3.0,0.4197694659233093,1.0
0.5,0.0,2.0,0.42146366834640503,1.0
0.2,0.0,0.0,0.4102955162525177,1.0
0.2,0.0,4.0,0.3189278244972229,1.0
0.2,0.0,6.0,0.539654016494751,1.0
0.2,0.0,10.0,0.4446597397327423,1.0
0.5,0.0,3.0,0.2902756631374359,1.0
0.2,0.0,1.0,0.3606407046318054,1.0
0.2,0.0,3.0,0.4871178865432739,1.0
0.2,0.0,10.0,0.4491463899612427,1.0
0.2,0.0,8.0,0.33230501413345337,1.0
0.2,92.42,9.0,0.47253555059432983,1.0
0.2,0.0,6.0,0.3467608690261841,1.0
0.2,92.42,4.0,0.520871639251709,1.0
0.2,95.37,8.0,0.3634817898273468,0.0
0.3333333333333333,71.22,6.0,0.45168086886405945,1.0
0.3333333333333333,51.59,6.0,0.5329277515411377,1.0
0.25,64.09,8.0,0.3449409306049347,1.0
1.0,80.01,3.0,0.6852951645851135,1.0
0.16666666666666666,63.26,7.0,0.2423764169216156,1.0
0.14285714285714285,80.01,3.0,0.13231588900089264,1.0
0.4,80.01,0.0,0.16976740956306458,1.0
0.16666666666666666,80.01,5.0,0.5985320806503296,1.0
0.16666666666666666,63.26,3.0,0.13231588900089264,1.0
0.25,63.26,4.0,0.5347866415977478,1.0
0.25,80.01,3.0,0.4640327990055084,1.0
0.25,80.01,2.0,0.4788762032985687,1.0
0.25,62.88,4.0,0.3659829795360565,1.0
0.25,51.58,10.0,0.3534819185733795,1.0
0.25,80.01,2.0,0.5588394403457642,1.0
0.25,63.26,1.0,0.40585970878601074,1.0
0.25,65.06,1.0,0.4735715687274933,1.0
0.2,0.0,1.0,0.19735535979270935,1.0
0.2,0.0,3.0,0.3866051137447357,1.0
0.2,81.86,5.0,0.2029196321964264,1.0
0.16666666666666666,99.71,4.0,0.14823614060878754,1.0
0.125,99.71,3.0,0.15502595901489258,1.0
0.125,99.71,1.0,0.1949889063835144,1.0
0.125,99.71,10.0,0.06907576322555542,1.0
0.125,99.71,1.0,0.32777127623558044,1.0
0.2,99.7,4.0,0.19558973610401154,1.0
0.2,81.44,1.0,0.2916973829269409,1.0
0.2,33.94,5.0,0.3550577163696289,1.0
0.2,81.44,4.0,0.35618776082992554,1.0
0.25,0.0,4.0,0.23009447753429413,1.0
0.25,0.0,9.0,0.45158839225769043,1.0
0.25,0.0,10.0,0.4537639617919922,1.0
0.25,0.0,3.0,0.3362344205379486,1.0
0.25,0.0,7.0,0.3286476135253906,1.0
0.25,0.0,5.0,0.3116505742073059,1.0
0.25,0.0,6.0,0.3865997791290283,1.0
0.25,0.0,0.0,0.6593221426010132,1.0
0.25,0.0,6.0,0.3001127541065216,1.0
0.6666666666666666,0.0,2.0,0.38291704654693604,1.0
0.6666666666666666,0.0,4.0,0.5936453342437744,1.0
0.25,0.0,4.0,0.38866937160491943,1.0
0.25,0.0,3.0,0.2136634886264801,1.0
0.2,0.41,6.0,0.49789416790008545,1.0
0.2,56.94,6.0,0.33474859595298767,1.0
0.2,0.0,4.0,0.42554837465286255,0.0
0.2,0.0,7.0,0.3938683867454529,1.0
0.2,0.0,5.0,0.42263731360435486,1.0
0.2,0.0,6.0,0.4294978678226471,1.0
0.2,0.0,4.0,0.3181858956813812,0.0
0.2,36.01,9.0,-0.0784393921494484,0.0
0.2,0.0,2.0,0.3913102447986603,1.0
0.125,0.0,0.0,0.18527846038341522,1.0
0.125,0.0,4.0,0.17179834842681885,1.0
0.16666666666666666,0.0,0.0,0.1725756973028183,1.0
0.125,0.0,4.0,0.2560008764266968,1.0
0.2,0.0,7.0,0.3096904754638672,1.0
0.5,0.0,7.0,0.20670242607593536,1.0
0.2,0.0,10.0,0.3222712278366089,1.0
0.2,0.24,6.0,0.39187297224998474,1.0
0.2,0.73,2.0,0.22224846482276917,1.0
0.2,0.18,8.0,0.26187095046043396,1.0
0.2,0.0,7.0,0.5380586385726929,1.0
0.25,0.0,1.0,0.27247875928878784,1.0
0.125,0.0,0.0,0.068293996155262,1.0
0.2,0.0,3.0,0.068293996155262,1.0
0.16666666666666666,0.0,2.0,0.3293781280517578,1.0
0.25,0.0,5.0,0.29165777564048767,1.0
0.2857142857142857,0.0,5.0,0.27275434136390686,1.0
0.3333333333333333,0.0,8.0,0.27275434136390686,1.0
0.3333333333333333,0.0,9.0,0.14587588608264923,1.0
0.2,0.0,6.0,0.405517041683197,1.0
0.2,0.0,5.0,0.5953035354614258,1.0
0.2,0.0,9.0,0.29535380005836487,1.0
0.2,0.0,2.0,0.4071159064769745,1.0
0.2,78.42,9.0,0.2582726776599884,1.0
0.2,0.0,2.0,0.2740394175052643,1.0
0.2,0.0,2.0,0.37332239747047424,1.0
0.2,78.42,6.0,0.4552898406982422,1.0
0.2,0.0,5.0,0.5331916809082031,1.0
0.2,78.42,7.0,0.3936540186405182,1.0
0.25,80.45,8.0,0.628658652305603,1.0
0.25,64.09,4.0,0.7183853387832642,1.0
0.3333333333333333,63.29,6.0,0.40281084179878235,1.0
0.3333333333333333,80.01,0.0,0.23120185732841492,1.0
0.16666666666666666,63.26,10.0,0.11717364192008972,1.0
0.16666666666666666,63.26,9.0,0.3082505166530609,1.0
0.5,63.26,5.0,0.033201638609170914,1.0
0.3333333333333333,80.01,8.0,0.3082505166530609,1.0
0.14285714285714285,80.01,7.0,0.10244031995534897,0.0
0.16666666666666666,80.01,4.0,0.07381422072649002,1.0
0.16666666666666666,80.01,7.0,0.2925454378128052,0.0
0.4,80.01,1.0,0.27955368161201477,1.0
0.14285714285714285,80.01,6.0,0.19824956357479095,0.0
0.3333333333333333,63.26,9.0,0.18050138652324677,1.0
0.6666666666666666,80.01,1.0,0.033201638609170914,1.0
0.25,63.28,3.0,0.27364853024482727,1.0
0.25,62.88,4.0,0.502364993095398,1.0
0.25,80.01,1.0,0.1546713411808014,1.0
0.25,51.58,5.0,0.22950926423072815,1.0
0.25,80.01,7.0,0.2718677520751953,1.0
0.25,63.26,1.0,0.3781360983848572,1.0
0.25,62.88,0.0,0.24239100515842438,1.0
0.25,80.01,6.0,0.21242931485176086,1.0
0.25,80.01,4.0,0.4651348292827606,1.0
0.25,63.26,2.0,0.393282949924469,0.0
0.25,63.26,7.0,0.24003536999225616,1.0
0.25,80.01,2.0,0.5354653000831604,1.0
0.25,80.01,2.0,0.7025620937347412,1.0
0.6666666666666666,80.01,1.0,0.4703541696071625,1.0
0.25,63.26,3.0,0.49073493480682373,1.0
0.25,63.26,10.0,0.19710327684879303,1.0
0.25,63.26,5.0,0.4564407169818878,1.0
0.25,63.26,0.0,0.3903053402900696,1.0
0.25,80.01,0.0,0.30728432536125183,1.0
0.25,0.0,5.0,0.6156443357467651,1.0
0.3333333333333333,34.16,0.0,0.550687313079834,1.0
0.25,81.86,1.0,0.2484961599111557,1.0
0.25,81.44,6.0,0.32500603795051575,1.0
0.2,99.71,2.0,0.23251228034496307,1.0
0.16666666666666666,99.71,6.0,0.1126563623547554,1.0
0.14285714285714285,99.71,7.0,0.14991803467273712,1.0
0.4,99.71,2.0,0.4719088673591614,1.0
0.14285714285714285,99.71,5.0,0.160030335187912,1.0
0.16666666666666666,99.71,8.0,0.3299849033355713,1.0
0.14285714285714285,99.71,8.0,0.17805156111717224,1.0
0.14285714285714285,99.71,7.0,0.3055753707885742,1.0
0.25,33.94,4.0,0.21248666942119598,1.0
0.25,81.44,7.0,0.4377250373363495,1.0
0.25,99.71,2.0,0.4994359016418457,1.0
0.25,81.44,2.0,0.49443262815475464,1.0
0.16666666666666666,0.0,1.0,0.4817330539226532,1.0
0.2,0.0,0.0,0.1729045957326889,1.0
0.125,0.0,5.0,0.25111153721809387,1.0
0.16666666666666666,0.0,10.0,-0.0008670205716043711,1.0
0.2,0.0,7.0,0.27540770173072815,1.0
0.2,0.0,10.0,0.529483437538147,1.0
0.2,89.99,2.0,0.3543884754180908,1.0
0.2,0.0,1.0,0.3064822256565094,1.0
0.2,89.99,4.0,0.2910366952419281,1.0
0.2,0.0,5.0,0.6404374241828918,1.0
0.2,0.0,10.0,0.5935550332069397,1.0
0.2,0.0,4.0,0.24503496289253235,1.0
0.2,0.0,8.0,0.19640971720218658,1.0
0.2,0.0,10.0,0.24350057542324066,1.0
0.2,0.0,10.0,0.24934475123882294,1.0
0.2,0.0,10.0,0.3280564248561859,0.0
0.2,93.9,5.0,0.2986144423484802,1.0
0.2,0.0,9.0,0.1171211376786232,1.0
0.125,0.0,7.0,0.16607977449893951,0.0
0.16666666666666666,0.0,2.0,0.24941399693489075,1.0
0.125,0.0,8.0,0.16711018979549408,1.0
0.2,0.0,6.0,0.30447590351104736,1.0
0.2,0.0,3.0,0.23804640769958496,1.0
0.2,0.0,6.0,0.18575598299503326,1.0
0.2,0.0,4.0,0.13551411032676697,1.0
0.25,0.0,10.0,0.4074396789073944,1.0
0.2,0.0,9.0,0.2734518349170685,1.0
0.14285714285714285,0.0,1.0,0.01666095480322838,1.0
0.6666666666666666,0.0,4.0,0.5971068143844604,1.0
0.25,0.0,2.0,0.459865003824234,1.0
0.25,0.0,8.0,0.2598617374897003,1.0
0.25,0.0,5.0,0.5855571031570435,1.0
0.25,0.0,6.0,0.4365418553352356,1.0
0.25,0.0,6.0,0.499762624502182,1.0
0.25,0.0,4.0,0.38304683566093445,1.0
0.25,0.0,1.0,0.1903562694787979,1.0
0.25,0.0,4.0,0.3657686114311218,1.0
0.25,0.0,0.0,0.3310317397117615,1.0
0.25,0.0,8.0,0.455478310585022,1.0
0.25,0.0,2.0,0.57680743932724,1.0
0.25,0.0,7.0,0.4800272583961487,1.0
0.25,0.0,2.0,0.36063501238822937,1.0
0.25,0.0,5.0,0.4968052804470062,1.0
0.25,0.0,5.0,0.32843726873397827,1.0
0.25,0.0,3.0,0.3723233938217163,1.0
0.25,0.0,7.0,0.3264961838722229,1.0
0.25,0.05,3.0,0.3997052311897278,1.0
0.14285714285714285,0.04,2.0,0.12684319913387299,1.0
0.14285714285714285,0.04,10.0,0.3379736840724945,1.0
0.25,0.04,9.0,0.2581046223640442,1.0
0.25,0.04,1.0,0.21230195462703705,1.0
0.16666666666666666,36.04,4.0,0.5919424891471863,1.0
0.2,36.04,5.0,0.6352361440658569,1.0
0.5,1.06,4.0,0.3371218740940094,1.0
0.125,0.04,7.0,0.11755388230085373,1.0
0.16666666666666666,0.04,1.0,0.19426262378692627,1.0
0.125,0.04,4.0,0.3639913499355316,1.0
0.3333333333333333,0.04,3.0,0.19914747774600983,1.0
0.14285714285714285,0.04,0.0,0.12215058505535126,1.0
0.14285714285714285,0.04,6.0,0.19426262378692627,1.0
0.2,0.04,9.0,0.31323495507240295,1.0
0.2,0.04,0.0,0.3343837857246399,1.0
0.16666666666666666,0.0,1.0,0.5180162191390991,0.0
0.16666666666666666,36.01,7.0,0.06909935921430588,1.0
0.2,36.01,5.0,0.6097022891044617,1.0
0.2,36.01,10.0,0.5713778138160706,1.0
0.16666666666666666,36.01,6.0,0.5474352836608887,1.0
0.125,36.01,4.0,0.09560612589120865,1.0
0.1111111111111111,36.01,3.0,0.18954861164093018,1.0
0.3333333333333333,36.01,3.0,0.3421255648136139,1.0
0.2,36.01,7.0,0.3654617667198181,1.0
0.125,36.01,7.0,0.2975444197654724,1.0
0.14285714285714285,36.01,8.0,0.3501754105091095,1.0
0.2857142857142857,36.01,10.0,0.3421255648136139,1.0
0.1111111111111111,36.01,4.0,0.2890009582042694,1.0
0.16666666666666666,36.01,3.0,0.3057065010070801,1.0
0.16666666666666666,77.35,8.0,0.3528043329715729,1.0
0.16666666666666666,77.35,7.0,0.5272200107574463,1.0
0.16666666666666666,77.35,6.0,0.3593251407146454,1.0
0.16666666666666666,77.35,9.0,0.6793357133865356,1.0
0.16666666666666666,36.01,4.0,0.41063833236694336,1.0
0.4,36.01,2.0,0.6626969575881958,1.0
0.4,36.01,1.0,0.6078821420669556,1.0
0.16666666666666666,77.35,5.0,0.525203287601471,1.0
0.14285714285714285,99.71,1.0,0.028511639684438705,1.0
0.14285714285714285,99.71,3.0,0.4698798358440399,1.0
0.125,99.71,0.0,0.3404178023338318,1.0
0.125,99.71,1.0,0.21162810921669006,1.0
0.125,99.71,2.0,0.04288633167743683,1.0
0.2,33.94,7.0,0.21573634445667267,1.0
0.2,99.7,10.0,0.24575483798980713,1.0
0.2,99.7,8.0,0.18547400832176208,1.0
0.2,81.44,10.0,0.36126863956451416,0.0
0.2,99.7,3.0,0.20790332555770874,1.0
0.2,81.44,2.0,0.3141977787017822,1.0
0.2,26.88,6.0,0.40618765354156494,1.0
0.2,99.71,7.0,0.41524234414100647,1.0
0.2,81.44,3.0,0.4901914894580841,1.0
0.25,70.02,1.0,0.23512861132621765,1.0
0.6666666666666666,69.66,6.0,0.4669627249240875,1.0
0.25,0.24,4.0,0.271223783493042,1.0
0.25,0.24,8.0,0.3662208914756775,1.0
0.2,0.03,7.0,0.4133589267730713,1.0
0.2,0.0,1.0,0.4821433126926422,1.0
0.2,0.0,3.0,0.3568776249885559,1.0
0.2,0.0,7.0,0.4923224449157715,1.0
0.2,0.0,10.0,0.4847349226474762,1.0
0.2,0.0,4.0,0.434574693441391,1.0
0.2,0.0,1.0,0.45030397176742554,1.0
0.2,0.0,4.0,0.4574790596961975,1.0
0.2,0.0,1.0,0.47019848227500916,1.0
0.2,0.0,10.0,0.5185240507125854,1.0
0.2,0.0,2.0,0.3578023612499237,1.0
0.2,0.0,2.0,0.4090529680252075,1.0
0.2,0.0,8.0,0.37027454376220703,1.0
0.2,0.0,1.0,0.5185003280639648,1.0
0.2,0.0,7.0,0.46855178475379944,1.0
0.2,0.0,1.0,0.327999085187912,1.0
0.2,36.01,6.0,-0.08793944120407104,1.0
0.2,36.85,1.0,0.31473273038864136,1.0
0.14285714285714285,36.01,5.0,0.20410074293613434,1.0
0.125,36.01,2.0,0.24053168296813965,1.0
0.16666666666666666,36.01,4.0,0.22596405446529388,1.0
0.125,36.01,9.0,0.41262808442115784,1.0
0.14285714285714285,36.01,8.0,0.25043806433677673,1.0
0.25,36.01,8.0,0.11031056195497513,1.0
0.2,36.01,4.0,0.36445310711860657,1.0
0.2,36.01,2.0,0.3527480661869049,1.0
0.2,36.01,2.0,0.4022318720817566,1.0
0.2,36.01,8.0,0.2586040496826172,1.0
0.25,1.96,6.0,0.40355679392814636,1.0
0.25,0.2,1.0,0.1740754395723343,1.0
0.16666666666666666,0.03,1.0,0.21538515388965607,1.0
0.16666666666666666,0.03,9.0,0.059994909912347794,1.0
0.16666666666666666,0.03,5.0,0.059994909912347794,1.0
0.25,0.03,5.0,0.052864737808704376,1.0
0.25,0.03,8.0,0.007371063344180584,1.0
0.25,0.03,3.0,0.04213545471429825,1.0
0.25,95.34,0.0,0.18404331803321838,1.0
0.25,0.0,9.0,0.3142152726650238,0.0
0.25,0.65,4.0,0.3643145263195038,1.0
0.25,0.0,1.0,0.29407304525375366,1.0
0.25,0.0,5.0,0.29461905360221863,1.0
0.25,0.0,6.0,0.2346615046262741,1.0
0.25,0.0,8.0,0.36405688524246216,1.0
0.25,0.0,4.0,0.6169636845588684,1.0
0.25,0.0,6.0,0.29735442996025085,1.0
0.25,0.0,6.0,0.3237975835800171,1.0
0.25,0.0,3.0,0.37971654534339905,1.0
0.25,0.0,8.0,0.173988938331604,1.0
0.25,0.0,7.0,0.2621854245662689,1.0
0.25,0.0,3.0,0.28497588634490967,1.0
0.5,99.7,10.0,0.472598671913147,1.0
0.2,81.86,2.0,0.08718514442443848,1.0
0.16666666666666666,99.71,1.0,0.10232140123844147,1.0
0.125,99.71,10.0,0.020322175696492195,0.0
0.16666666666666666,99.71,10.0,0.31455525755882263,0.0
0.125,99.71,1.0,0.14660945534706116,1.0
0.3333333333333333,99.71,6.0,0.23017072677612305,1.0
0.3333333333333333,99.71,5.0,0.17420338094234467,1.0
0.125,99.71,7.0,0.015304772183299065,1.0
0.2,99.7,2.0,0.1577424705028534,1.0
0.2,33.94,4.0,0.13315173983573914,1.0
0.2,99.7,5.0,0.13563135266304016,1.0
0.2,33.94,5.0,0.19427283108234406,1.0
0.2,99.7,1.0,0.21764354407787323,1.0
0.2,99.71,10.0,0.3690107762813568,1.0
0.2,33.94,1.0,0.2321440726518631,1.0
0.2,81.44,4.0,0.3782879710197449,1.0
0.2,26.88,4.0,0.14561519026756287,1.0
0.2,26.88,6.0,0.21455049514770508,1.0
0.2,25.54,1.0,0.5619828104972839,1.0
0.25,25.43,4.0,0.582386314868927,1.0
0.5,25.43,2.0,0.6427868604660034,1.0
0.3333333333333333,25.43,10.0,0.32290804386138916,1.0
0.125,25.43,10.0,0.13474281132221222,0.0
0.2,25.43,1.0,0.32290804386138916,1.0
0.14285714285714285,25.43,7.0,0.33303341269493103,1.0
0.16666666666666666,25.43,9.0,0.33303341269493103,0.0
0.16666666666666666,25.43,5.0,0.2062654346227646,1.0
0.14285714285714285,25.43,0.0,0.04616621509194374,1.0
0.2,25.43,2.0,0.32290804386138916,1.0
0.2,25.43,8.0,0.43543383479118347,0.0
0.25,25.43,6.0,0.21255232393741608,0.0
0.2,25.43,1.0,0.45868733525276184,1.0
0.2,25.43,3.0,0.5640051364898682,1.0
0.2,25.43,1.0,0.4648342430591583,1.0
0.5,25.43,6.0,0.5235089659690857,1.0
0.2,25.43,4.0,0.48022109270095825,1.0
0.2,25.43,9.0,0.4438413977622986,1.0
0.5,25.43,1.0,0.3026280701160431,1.0
0.5,25.43,2.0,0.47630977630615234,1.0
0.2,25.43,1.0,0.24240143597126007,0.0
0.2,25.43,4.0,0.46783143281936646,0.0
0.2,25.43,9.0,0.5591447353363037,1.0
0.2,25.43,5.0,0.5166571140289307,1.0
0.2,25.43,10.0,0.4103838801383972,1.0
0.2,25.43,0.0,0.45245611667633057,1.0
0.2,25.43,1.0,0.47202298045158386,1.0
0.2,25.43,3.0,0.57247394323349,1.0
0.2,25.43,5.0,0.5605306029319763,1.0
0.2,25.43,2.0,0.3290197253227234,1.0
0.2,25.43,2.0,0.4759696125984192,1.0
0.5,25.43,4.0,0.405105322599411,1.0
0.2,25.43,4.0,0.4878579378128052,1.0
0.2,25.43,7.0,0.5323469638824463,1.0
0.2,76.83,8.0,0.5998601913452148,1.0
0.2,25.43,5.0,0.362255722284317,0.0
0.2,76.83,3.0,0.5035470724105835,1.0
0.2,0.06,10.0,0.11351482570171356,1.0
0.25,0.01,9.0,0.32493919134140015,1.0
0.2857142857142857,0.01,5.0,0.22958849370479584,1.0
0.125,0.01,5.0,0.2395312637090683,1.0
0.2,0.01,4.0,0.36328640580177307,1.0
0.2,0.01,5.0,0.29179278016090393,1.0
0.2,0.01,4.0,0.43009844422340393,1.0
0.2,0.01,5.0,0.32772040367126465,1.0
0.2,0.01,2.0,0.339034765958786,1.0
0.2,89.23,5.0,0.4554300308227539,1.0
0.25,8.75,1.0,0.16924089193344116,1.0
0.16666666666666666,8.75,3.0,0.07195918262004852,1.0
0.16666666666666666,8.75,0.0,0.21409592032432556,1.0
0.14285714285714285,8.75,1.0,0.14224332571029663,1.0
0.5,8.75,1.0,0.2547649145126343,1.0
0.2,8.75,6.0,0.17845751345157623,1.0
0.2,8.75,1.0,0.40875008702278137,1.0
0.2,8.75,3.0,0.4556361734867096,1.0
0.2,8.75,1.0,0.22260746359825134,1.0
0.2,8.75,1.0,0.21551312506198883,1.0
0.2,8.75,7.0,0.5297709703445435,1.0
0.2,8.75,9.0,0.25758424401283264,1.0
0.2,8.75,0.0,0.5906189680099487,1.0
0.2,8.75,4.0,0.21573568880558014,1.0
0.5,8.75,3.0,0.5378502607345581,1.0
0.125,93.9,9.0,0.14274847507476807,1.0
0.2,93.9,4.0,0.43440431356430054,1.0
0.2,93.9,1.0,0.32371658086776733,1.0
0.2,93.9,10.0,0.41457486152648926,1.0
0.5,93.9,1.0,0.5001661777496338,1.0
0.2,93.9,2.0,0.32541486620903015,1.0
0.2,93.9,2.0,0.2518101930618286,1.0
0.2,0.04,4.0,0.08275355398654938,1.0
0.125,0.0,4.0,0.041746772825717926,1.0
0.16666666666666666,0.0,10.0,0.09705676138401031,1.0
0.3333333333333333,0.0,1.0,0.2701984643936157,1.0
0.25,0.0,2.0,0.06435953080654144,1.0
0.2,0.0,8.0,0.17862364649772644,1.0
0.2,0.0,5.0,0.13103452324867249,1.0
0.2,0.0,8.0,0.08322113007307053,1.0
0.2,0.0,2.0,0.3326868414878845,1.0
0.3333333333333333,0.0,0.0,0.32119569182395935,1.0
0.2857142857142857,0.0,5.0,0.12655571103096008,1.0
0.125,0.0,7.0,0.2858666777610779,1.0
0.16666666666666666,0.0,2.0,0.3091256022453308,1.0
0.2,0.0,7.0,0.19640280306339264,1.0
0.2,0.0,6.0,0.2786576747894287,1.0
0.2,0.0,5.0,0.1954132467508316,1.0
0.2,0.0,3.0,0.25641679763793945,0.0
0.2,0.0,6.0,0.29063302278518677,1.0
0.2,0.0,3.0,0.28597918152809143,1.0
0.2,0.0,7.0,0.2738102078437805,1.0
0.2,0.0,1.0,0.29826620221138,1.0
0.2,0.0,6.0,0.21897698938846588,0.0
0.2,0.0,4.0,0.3785476088523865,1.0
0.2,0.0,9.0,0.4622330963611603,0.0
0.2,0.0,9.0,0.19805309176445007,1.0
0.16666666666666666,0.01,9.0,0.2594149112701416,1.0
0.16666666666666666,0.01,0.0,0.2559368908405304,1.0
0.125,0.01,1.0,0.11473721265792847,1.0
0.125,0.01,3.0,0.05514353886246681,1.0
0.2,0.01,8.0,0.25483450293540955,0.0
0.2,0.01,2.0,0.09743531048297882,1.0
0.2,0.01,9.0,0.16118593513965607,1.0
0.2,0.01,5.0,0.49896523356437683,1.0
0.2,0.0,3.0,0.5378962159156799,1.0
0.125,0.0,9.0,-0.012402788735926151,0.0
0.16666666666666666,0.0,3.0,0.010133531875908375,1.0
0.2,0.0,3.0,0.27353373169898987,1.0
0.25,0.0,0.0,0.25765854120254517,1.0
0.2,0.0,7.0,0.26571622490882874,1.0
0.2,0.0,4.0,0.4846411347389221,1.0
0.2,89.99,10.0,0.2676655352115631,0.0
0.2,0.0,9.0,0.39897167682647705,1.0
0.2,0.0,0.0,0.20311257243156433,1.0
0.2,89.99,3.0,0.41277816891670227,1.0
0.2,89.99,2.0,0.41957467794418335,1.0
0.2,0.0,0.0,0.28726455569267273,1.0
0.2,0.0,6.0,0.42414015531539917,1.0
0.2,0.0,4.0,0.40323787927627563,1.0
0.2,0.0,6.0,0.1421273946762085,1.0
0.2,0.0,1.0,0.2648833096027374,0.0
0.2,0.0,1.0,0.40596047043800354,1.0
0.2,0.0,4.0,0.2243070900440216,1.0
0.2,0.0,4.0,0.2862463593482971,0.0
0.5,89.99,3.0,0.21762755513191223,1.0
0.25,7.41,7.0,0.6412343978881836,1.0
0.25,62.94,9.0,0.32321760058403015,1.0
0.25,7.41,7.0,0.33470290899276733,1.0
0.25,62.94,2.0,0.46990254521369934,1.0
0.25,7.41,1.0,0.03643989935517311,1.0
0.25,7.41,3.0,0.2170623391866684,1.0
0.14285714285714285,62.88,1.0,0.25211867690086365,1.0
0.14285714285714285,7.41,2.0,0.22828970849514008,1.0
0.2,62.88,0.0,0.1179129034280777,1.0
0.125,62.88,2.0,0.25211867690086365,1.0
0.125,7.41,9.0,0.2170623391866684,1.0
0.16666666666666666,62.88,7.0,0.3861195743083954,1.0
0.125,7.41,4.0,0.2170623391866684,1.0
0.125,62.88,1.0,0.26015689969062805,1.0
0.25,7.41,9.0,0.2170623391866684,1.0
0.2,62.88,3.0,0.20480036735534668,1.0
0.5,62.88,10.0,0.35391074419021606,1.0
0.5,63.01,6.0,0.5046449899673462,1.0
0.2,62.88,5.0,0.4210074841976166,1.0
0.5,7.41,4.0,0.3153195381164551,1.0
0.5,62.88,10.0,0.37148672342300415,1.0
0.2,63.3,2.0,0.5008839964866638,1.0
0.2,62.88,10.0,0.33104056119918823,1.0
0.2,32.19,4.0,0.30343887209892273,1.0
0.2,32.19,2.0,0.27269935607910156,1.0
0.2,63.3,7.0,0.3688186705112457,1.0
0.2,63.3,10.0,0.5673898458480835,1.0
0.2,63.3,8.0,0.29482972621917725,1.0
0.2,62.88,10.0,0.33363500237464905,1.0
0.2,7.41,6.0,0.3091890215873718,1.0
0.2,62.88,0.0,0.39659616351127625,1.0
0.2,62.88,3.0,0.3296869695186615,1.0
0.2,62.88,9.0,0.3233029544353485,1.0
0.2,7.41,9.0,0.3134159445762634,1.0
0.2,62.88,10.0,0.492277592420578,1.0
0.2,32.19,4.0,0.4443497955799103,1.0
0.5,24.47,8.0,0.21448276937007904,1.0
0.2,92.15,1.0,0.16382797062397003,1.0
0.2,1.91,5.0,0.3679649829864502,1.0
0.25,1.99,3.0,0.21039806306362152,1.0
0.25,92.57,6.0,0.17751920223236084,1.0
0.2,1.99,2.0,0.21537432074546814,1.0
0.16666666666666666,1.99,2.0,0.26802435517311096,1.0
0.4,1.99,6.0,-0.053770896047353745,1.0
0.14285714285714285,1.99,7.0,0.2642056941986084,1.0
0.125,1.99,0.0,0.12526781857013702,1.0
0.2,1.99,2.0,0.09241888672113419,1.0
0.2,1.99,2.0,0.14287787675857544,1.0
0.2,1.99,7.0,0.24161778390407562,1.0
0.2,1.99,2.0,0.14552272856235504,1.0
0.2,1.99,9.0,-0.009058577939867973,1.0
0.5,1.99,9.0,0.36427149176597595,1.0
0.125,1.06,3.0,0.28137215971946716,0.0
0.16666666666666666,1.06,3.0,0.20951534807682037,1.0
0.2857142857142857,1.06,8.0,0.20231501758098602,1.0
0.14285714285714285,1.06,7.0,0.26295793056488037,1.0
0.14285714285714285,1.06,4.0,0.22599975764751434,0.0
0.14285714285714285,1.06,10.0,0.20951534807682037,0.0
0.2,1.06,5.0,0.24912908673286438,1.0
0.2,1.06,3.0,0.23798826336860657,1.0
0.2,1.06,4.0,0.4176996052265167,1.0
0.2,1.06,3.0,0.2804419696331024,1.0
0.2,1.06,10.0,0.4399171471595764,1.0
0.2,1.22,6.0,0.21908043324947357,1.0
0.2,1.22,7.0,0.20455430448055267,1.0
0.25,0.63,8.0,0.09359759837388992,1.0
0.3333333333333333,68.77,2.0,0.06959308683872223,1.0
0.25,0.63,0.0,0.42016005516052246,1.0
0.2,68.77,3.0,0.35926541686058044,1.0
0.3333333333333333,0.63,4.0,0.19768108427524567,1.0
0.14285714285714285,0.63,9.0,0.2452428936958313,1.0
0.14285714285714285,68.77,1.0,0.0843765065073967,0.0
0.5,0.63,7.0,0.16574637591838837,1.0
0.5,69.23,4.0,0.5461999773979187,1.0
0.2,0.63,7.0,0.2780904769897461,1.0
0.2,0.63,1.0,0.34763628244400024,1.0
0.2,68.77,7.0,0.3540456295013428,1.0
0.2,68.77,10.0,0.31839072704315186,1.0
0.2,0.63,4.0,0.5796007513999939,1.0
0.2,0.63,3.0,0.40246886014938354,1.0
0.5,0.63,10.0,0.5893720388412476,1.0
0.2,61.82,2.0,0.25877049565315247,1.0
0.2,0.63,9.0,0.5138360261917114,1.0
0.2,69.23,10.0,0.21436139941215515,0.0
0.2,61.82,3.0,0.36521804332733154,1.0
0.2,68.77,2.0,0.24493463337421417,1.0
0.2,90.57,10.0,0.3408288359642029,0.0
0.2,0.63,10.0,0.30298110842704773,1.0
0.2,0.63,9.0,0.2572430968284607,1.0
0.2,25.2,0.0,0.4725886881351471,1.0
0.2,90.57,9.0,0.26451927423477173,1.0
0.5,38.96,6.0,0.16813597083091736,1.0
0.2,77.99,5.0,0.3842945694923401,0.0
0.2,95.59,1.0,0.46062415838241577,1.0
0.2,67.75,9.0,0.4609363377094269,1.0
0.2,0.03,4.0,0.3325624167919159,1.0
0.2,0.03,2.0,0.34347012639045715,1.0
0.2,0.03,3.0,0.23900116980075836,1.0
0.2,0.03,3.0,0.31363943219184875,1.0
0.2,0.03,9.0,0.3011094331741333,1.0
0.2,0.03,8.0,0.41975653171539307,1.0
0.2,0.03,6.0,0.43592581152915955,1.0
0.5,0.03,6.0,0.34702467918395996,1.0
0.2,0.03,9.0,0.46111059188842773,1.0
0.2,0.03,5.0,0.41968661546707153,1.0
0.2,0.03,6.0,0.251030296087265,1.0
0.2,0.15,10.0,0.2921937108039856,1.0
0.2,0.15,10.0,0.0566842220723629,1.0
0.125,0.15,5.0,0.25105756521224976,1.0
0.25,0.15,3.0,0.34731924533843994,1.0
0.2,0.15,6.0,0.2786960005760193,1.0
0.14285714285714285,0.15,6.0,0.23990075290203094,1.0
0.14285714285714285,0.15,4.0,0.2928592562675476,1.0
0.2,0.15,7.0,0.2786960005760193,0.0
0.25,0.15,1.0,0.243583545088768,1.0
0.2,0.15,1.0,0.42319515347480774,1.0
0.2,0.15,8.0,0.4679792821407318,1.0
0.2,0.15,8.0,0.418257474899292,0.0
0.2,0.15,2.0,0.3848402500152588,1.0
0.2,0.15,1.0,0.3912002444267273,1.0
0.5,92.47,8.0,0.2624278664588928,1.0
0.2,92.47,1.0,0.3180287182331085,0.0
0.5,0.15,0.0,0.4069012999534607,1.0
0.2,0.15,5.0,0.3102072775363922,1.0
0.2,0.15,0.0,0.44515374302864075,1.0
0.2,0.15,10.0,0.4288775622844696,1.0
0.5,57.13,0.0,0.5701836347579956,1.0
0.2,0.41,6.0,0.44015899300575256,0.0
0.2,0.41,1.0,0.3595966398715973,1.0
0.2,0.41,1.0,0.15776614844799042,1.0
0.2,0.41,0.0,0.285275399684906,1.0
0.2,0.41,3.0,0.3027155101299286,1.0
0.2,0.41,2.0,0.3816964626312256,1.0
0.2,0.41,4.0,0.2453242838382721,1.0
0.2,41.25,5.0,0.46161410212516785,1.0
0.25,0.28,6.0,0.6250318884849548,1.0
0.25,0.28,2.0,0.20369058847427368,1.0
0.2,41.23,5.0,0.3569832444190979,1.0
0.14285714285714285,41.23,10.0,0.19278784096240997,1.0
0.14285714285714285,41.23,7.0,0.2100609391927719,0.0
0.125,41.23,6.0,0.2100609391927719,1.0
0.5,41.23,8.0,0.07261407375335693,1.0
0.2,41.23,6.0,0.3168991208076477,1.0
0.2,41.23,2.0,0.21011938154697418,1.0
0.2,0.28,6.0,0.37687140703201294,1.0
0.2,0.28,4.0,0.5528624057769775,1.0
0.25,41.28,1.0,0.5651540756225586,1.0
0.2,0.43,1.0,0.562605082988739,1.0
0.16666666666666666,0.43,9.0,0.3769727945327759,1.0
0.2,0.43,10.0,0.3421963155269623,1.0
0.125,0.43,6.0,0.45335474610328674,1.0
0.14285714285714285,0.43,9.0,0.45335474610328674,1.0
0.2,0.43,3.0,0.2358824908733368,1.0
0.2,0.43,4.0,0.3031741976737976,1.0
0.2,0.43,5.0,0.4804166257381439,1.0
0.2,0.43,4.0,0.4183655381202698,1.0
0.2,0.43,3.0,0.369019478559494,1.0
0.2,0.43,8.0,0.48951077461242676,1.0
0.2,90.69,5.0,0.4740245044231415,0.0
0.14285714285714285,0.06,1.0,0.12481015175580978,1.0
0.14285714285714285,0.06,1.0,0.11303817480802536,1.0
0.2,0.06,4.0,0.47210749983787537,1.0
0.2,89.19,3.0,0.28709861636161804,1.0
0.5,0.25,0.0,0.4773120582103729,1.0
0.3333333333333333,0.15,2.0,0.12546342611312866,1.0
0.125,0.15,9.0,0.034161657094955444,0.0
0.16666666666666666,0.15,2.0,0.18696260452270508,1.0
0.25,0.15,8.0,0.23691383004188538,1.0
0.2,0.15,3.0,0.31466346979141235,1.0
0.5,0.15,3.0,0.29474157094955444,1.0
0.2,0.15,2.0,0.27062317728996277,1.0
0.2,0.15,3.0,0.333588570356369,1.0
0.5,0.15,3.0,0.46801915764808655,1.0
0.2,0.15,2.0,0.449410617351532,1.0
0.2,0.15,6.0,0.4373207092285156,1.0
0.2,0.15,4.0,0.3023640811443329,1.0
0.2,0.15,10.0,0.3288964033126831,1.0
0.2,0.15,3.0,0.303730309009552,1.0
0.2,0.15,1.0,0.385237455368042,1.0
0.2,0.15,3.0,0.3929469883441925,1.0
0.2,0.15,5.0,0.3624297082424164,1.0
0.5,0.15,10.0,0.442795068025589,1.0
0.2,95.26,10.0,0.3056025207042694,1.0
0.3333333333333333,0.06,8.0,0.2062007486820221,1.0
0.4,0.06,4.0,0.1996692717075348,1.0
0.2,0.06,3.0,0.2067803144454956,1.0
0.2857142857142857,0.06,2.0,0.2697034478187561,1.0
0.25,0.06,5.0,0.13920347392559052,1.0
0.16666666666666666,0.06,7.0,0.17315660417079926,0.0
0.3333333333333333,0.06,1.0,0.2697034478187561,1.0
0.25,0.06,4.0,0.1996692717075348,1.0
0.2,0.06,9.0,0.32671794295310974,1.0
0.2,0.06,5.0,0.45131245255470276,1.0
0.5,86.54,2.0,0.7122104167938232,1.0
0.2,0.24,1.0,0.4954528212547302,0.0
0.2,0.24,3.0,0.18866188824176788,1.0
0.16666666666666666,0.24,8.0,0.26849985122680664,1.0
0.125,0.24,1.0,0.36433663964271545,1.0
0.125,0.24,5.0,0.18866188824176788,1.0
0.14285714285714285,0.24,8.0,0.1852123737335205,1.0
0.3333333333333333,0.24,3.0,0.2034655511379242,1.0
0.5,0.24,0.0,0.512106716632843,1.0
0.2,0.24,10.0,0.528565526008606,1.0
0.2,0.24,0.0,0.4287455379962921,1.0
0.2,0.24,6.0,0.5802440047264099,1.0
0.2,0.24,8.0,0.5530138611793518,1.0
0.2,0.24,9.0,0.46686574816703796,1.0
0.2,0.24,4.0,0.4965016543865204,1.0
0.2,0.24,10.0,0.4478268027305603,1.0
0.5,0.24,4.0,0.4370303750038147,1.0
0.2,0.24,4.0,0.40860316157341003,1.0
0.2,0.24,6.0,0.4885881841182709,1.0
0.2,78.62,0.0,0.3811936676502228,1.0
0.2,0.24,2.0,0.39145681262016296,1.0
0.2,0.24,1.0,0.4978083074092865,1.0
0.2,78.62,5.0,0.52667635679245,1.0
0.25,0.73,3.0,0.24339722096920013,1.0
0.125,0.73,2.0,0.3148011863231659,1.0
0.125,0.73,7.0,0.33686697483062744,1.0
0.2,0.73,1.0,0.19095775485038757,1.0
0.16666666666666666,0.73,3.0,0.1855219006538391,1.0
0.14285714285714285,0.73,10.0,0.33686697483062744,1.0
0.2,0.73,0.0,0.4420875012874603,1.0
0.2,0.73,7.0,0.2860479950904846,1.0
0.2,0.73,10.0,0.22717100381851196,1.0
0.2,0.73,4.0,0.3144688010215759,1.0
0.2,0.73,2.0,0.3627042770385742,1.0
0.2,0.73,6.0,0.35605528950691223,1.0
0.2,78.88,9.0,0.413878470659256,1.0
0.2,0.16,3.0,0.3229502737522125,1.0
0.3333333333333333,0.16,2.0,0.15414831042289734,1.0
0.125,0.16,9.0,0.10890797525644302,0.0
0.2,0.16,2.0,0.15414831042289734,1.0
0.16666666666666666,0.16,8.0,0.1272338181734085,0.0
0.16666666666666666,0.16,2.0,0.17413070797920227,1.0
0.25,0.16,5.0,0.08834907412528992,0.0
0.25,0.16,8.0,0.1220620721578598,1.0
0.2,0.16,3.0,0.32447025179862976,1.0
0.2,0.16,3.0,0.35273006558418274,1.0
0.2,0.16,2.0,0.4034251868724823,1.0
0.2,0.16,5.0,0.4671441614627838,1.0
0.2,0.16,2.0,0.30420809984207153,1.0
0.2,0.16,3.0,0.46615031361579895,1.0
0.5,0.16,3.0,0.6300657987594604,1.0
0.2,0.16,0.0,0.3279523253440857,1.0
0.2,0.16,3.0,0.3948441445827484,0.0
0.2,0.16,2.0,0.23195074498653412,1.0
0.2,0.16,5.0,0.4294607937335968,1.0
0.5,0.16,2.0,0.2929665446281433,1.0
0.2,0.16,6.0,0.6207528710365295,1.0
0.2,0.16,4.0,0.3403915762901306,1.0
0.2,0.16,10.0,0.3692084848880768,1.0
0.5,0.16,3.0,0.2823887765407562,1.0
0.5,0.16,1.0,0.3627128005027771,1.0
0.5,0.16,3.0,0.46362408995628357,1.0
0.2,0.16,5.0,0.3907002806663513,1.0
0.5,0.16,10.0,0.5603353977203369,1.0
0.2,92.58,9.0,0.45461225509643555,0.0
0.2,0.16,6.0,0.25029826164245605,0.0
0.2,92.58,4.0,0.4725916087627411,1.0
0.2,95.3,8.0,0.3197956681251526,0.0
0.25,0.06,9.0,0.48037752509117126,1.0
0.25,68.83,6.0,0.4234501123428345,1.0
0.2857142857142857,68.83,8.0,0.32422584295272827,1.0
0.14285714285714285,0.0,8.0,0.3029363751411438,1.0
0.2,0.0,8.0,0.13575194776058197,1.0
0.2857142857142857,68.83,4.0,0.2771986424922943,1.0
0.16666666666666666,0.0,3.0,0.2965211272239685,1.0
0.16666666666666666,0.0,3.0,0.07930105924606323,1.0
1.0,0.0,0.0,0.4670543968677521,1.0
0.2,0.66,4.0,0.3061089515686035,1.0
0.2,0.0,8.0,0.38530343770980835,1.0
0.2,68.83,1.0,0.4224775731563568,1.0
0.2,0.69,1.0,0.3823779821395874,0.0
0.25,0.0,8.0,0.5057841539382935,1.0
1.0,0.0,0.0,0.4974243938922882,1.0
0.5,68.83,0.0,0.38578060269355774,1.0
0.2,0.69,2.0,0.323818176984787,1.0
1.0,0.0,0.0,0.37799951434135437,1.0
0.5,68.83,2.0,0.3451955020427704,1.0
0.2,0.0,3.0,0.3477153182029724,1.0
0.5,68.83,2.0,0.5383226871490479,1.0
0.2,0.69,3.0,0.477373331785202,1.0
0.2,0.69,6.0,0.36848244071006775,1.0
0.2,0.69,3.0,0.5500962734222412,0.0
0.2,68.83,10.0,0.27424097061157227,1.0
0.2,68.83,7.0,0.3662912845611572,1.0
0.5,0.0,2.0,0.6019278168678284,1.0
0.2,0.0,3.0,0.3959210515022278,1.0
0.2,68.83,7.0,0.41860705614089966,1.0
0.2,0.0,10.0,0.3822060227394104,1.0
0.2,0.0,3.0,0.3142605423927307,1.0
0.5,0.0,4.0,0.5377917289733887,1.0
1.0,0.0,0.0,0.388896644115448,1.0
0.2,68.83,1.0,0.4990631341934204,1.0
0.25,0.18,6.0,0.5743607878684998,1.0
0.2,0.18,5.0,0.17026333510875702,1.0
0.16666666666666666,0.18,10.0,0.16759145259857178,1.0
0.25,0.18,3.0,0.2668111324310303,1.0
0.125,0.18,3.0,0.4658246636390686,1.0
0.125,0.18,3.0,0.17026333510875702,1.0
0.2,0.18,9.0,0.27846455574035645,0.0
0.25,0.18,2.0,0.18443189561367035,1.0
0.125,0.18,3.0,0.03715641051530838,1.0
0.14285714285714285,0.18,0.0,0.4658246636390686,1.0
0.2,0.18,10.0,0.3236139714717865,0.0
0.2,78.58,7.0,0.2847592234611511,1.0
0.2,0.18,3.0,0.3142458498477936,1.0
0.2,0.18,3.0,0.3031633198261261,1.0
0.2,0.18,1.0,0.3424474000930786,1.0
0.2,0.18,8.0,0.5801862478256226,1.0
0.2,0.18,4.0,0.4230324327945709,1.0
0.2,0.18,5.0,0.21722760796546936,1.0
0.2,0.18,2.0,0.5141178369522095,1.0
0.2,0.18,2.0,0.2923893630504608,1.0
0.2,0.18,2.0,0.38371872901916504,1.0
0.2,0.18,7.0,0.3812029957771301,0.0
0.2,0.18,1.0,0.3140716850757599,0.0
0.2,0.18,8.0,0.34748658537864685,1.0
0.2,78.58,2.0,0.2824709117412567,1.0
0.2,0.18,7.0,0.2793232798576355,1.0
0.2,0.18,5.0,0.3660040497779846,1.0
0.2,0.18,5.0,0.3444843292236328,1.0
0.25,92.01,4.0,0.25884175300598145,1.0
0.2,0.42,5.0,0.49141931533813477,1.0
0.25,0.42,5.0,0.13177268207073212,1.0
0.2,92.01,3.0,0.26742544770240784,1.0
0.25,92.01,10.0,0.16335229575634003,1.0
0.14285714285714285,92.01,5.0,0.21731501817703247,0.0
0.14285714285714285,92.01,3.0,0.260734885931015,0.0
0.16666666666666666,92.01,5.0,0.1722598373889923,1.0
0.2857142857142857,92.01,1.0,0.24362868070602417,1.0
0.2,92.01,1.0,0.06036321073770523,1.0
0.2,92.01,1.0,0.23239046335220337,1.0
0.2,92.01,6.0,0.11341388523578644,1.0
0.2,92.01,10.0,0.15159402787685394,0.0
0.2,92.01,6.0,0.14441080391407013,1.0
0.2,70.15,5.0,0.17427073419094086,1.0
0.2,92.01,10.0,0.04382474347949028,1.0
0.2,92.01,7.0,0.08767465502023697,1.0
0.2,0.42,6.0,0.13879720866680145,1.0
0.25,20.09,0.0,0.4276094138622284,1.0
0.14285714285714285,0.09,9.0,0.128374844789505,1.0
0.125,0.09,4.0,0.1335907131433487,1.0
0.14285714285714285,0.09,7.0,0.16765716671943665,1.0
0.4,0.09,9.0,0.128374844789505,1.0
0.2,0.09,7.0,0.2644340991973877,1.0
0.2857142857142857,0.09,6.0,0.2644340991973877,1.0
0.14285714285714285,0.09,5.0,0.2644340991973877,1.0
0.2,0.09,7.0,0.3338567912578583,1.0
0.3333333333333333,0.09,8.0,0.3417508006095886,1.0
0.2,0.09,7.0,0.45153653621673584,1.0
0.2,20.09,1.0,0.386179119348526,1.0
0.2,20.09,6.0,0.5086111426353455,1.0
0.2,20.09,3.0,0.27168795466423035,1.0
0.2,0.09,6.0,0.32034292817115784,1.0
0.2,0.09,1.0,0.4764465093612671,1.0
0.2,0.09,2.0,0.40669959783554077,1.0
0.2,0.09,0.0,0.3674778938293457,1.0
0.2,20.09,6.0,0.32509633898735046,1.0
0.2,0.09,5.0,0.2370901256799698,1.0
0.2,0.09,0.0,0.1885782927274704,1.0
0.2,0.09,7.0,0.3371136486530304,0.0
0.2,20.09,10.0,0.329841673374176,1.0
0.2,92.63,1.0,0.4125308394432068,1.0
0.2,0.22,6.0,0.25102555751800537,1.0
0.2,0.22,3.0,0.1503700166940689,0.0
0.14285714285714285,0.22,4.0,0.19049759209156036,1.0
0.16666666666666666,0.22,3.0,0.3348522186279297,1.0
0.3333333333333333,0.22,2.0,0.23187664151191711,1.0
0.125,0.22,5.0,0.1504485011100769,1.0
0.2,0.22,5.0,0.3032599687576294,1.0
0.2,0.22,9.0,0.190200537443161,1.0
0.2,0.22,6.0,0.31927695870399475,1.0
0.2,0.22,7.0,0.28761762380599976,1.0
0.2,0.22,4.0,0.2669760286808014,1.0
0.2,0.22,5.0,0.3398570418357849,1.0
0.2,0.22,4.0,0.5078087449073792,1.0
0.2,90.53,9.0,0.49314361810684204,1.0
0.2,90.53,5.0,0.7265195250511169,1.0
0.2,90.53,6.0,0.39515507221221924,1.0
0.25,0.04,1.0,0.42316755652427673,1.0
0.14285714285714285,0.04,1.0,0.3250133693218231,1.0
0.25,0.04,4.0,0.4636177122592926,1.0
0.3333333333333333,0.04,5.0,0.4636177122592926,1.0
0.2,0.04,1.0,0.35551968216896057,1.0
0.2,0.04,9.0,0.48554345965385437,1.0
0.2,0.04,10.0,0.43569251894950867,0.0
0.2,89.2,5.0,0.46967074275016785,0.0
0.25,88.65,0.0,0.32742008566856384,0.0
0.25,88.65,9.0,0.2001202553510666,1.0
0.14285714285714285,88.65,1.0,0.2001202553510666,1.0
0.125,86.31,8.0,0.17690634727478027,1.0
0.14285714285714285,88.65,1.0,0.11488935351371765,1.0
0.3333333333333333,88.65,4.0,0.20224304497241974,1.0
0.2,86.31,5.0,0.17690634727478027,1.0
0.16666666666666666,86.31,10.0,0.19637125730514526,1.0
0.125,86.31,3.0,0.3270081877708435,1.0
0.125,86.31,3.0,0.17690634727478027,1.0
0.125,86.31,1.0,0.03160731494426727,1.0
0.4,88.65,10.0,0.1555963158607483,1.0
0.14285714285714285,88.65,3.0,0.10141042619943619,1.0
0.14285714285714285,88.65,7.0,0.20224304497241974,1.0
0.2857142857142857,88.65,6.0,0.2021176964044571,1.0
0.14285714285714285,86.31,6.0,0.10141042619943619,1.0
0.5,86.31,2.0,0.33064180612564087,1.0
0.2,86.31,10.0,0.4015357196331024,1.0
0.2,88.65,2.0,0.27712130546569824,1.0
0.2,86.31,10.0,0.3982471227645874,0.0
0.2,88.65,7.0,0.4091845750808716,0.0
0.2,86.31,1.0,0.25463855266571045,1.0
0.2,86.31,5.0,0.3830968141555786,1.0
0.2,86.31,8.0,0.4062933325767517,1.0
0.2,86.31,6.0,0.47679051756858826,1.0
0.2,88.65,5.0,0.43151238560676575,1.0
0.2,86.31,7.0,0.2645232379436493,1.0
0.2,88.65,1.0,0.3007069230079651,1.0
0.2,86.31,6.0,0.38930726051330566,1.0
0.2,63.98,6.0,0.4425027072429657,1.0
0.2,63.98,5.0,0.3841431438922882,1.0
0.2,86.31,5.0,0.321216344833374,1.0
0.2,88.65,1.0,0.3749929666519165,0.0
0.2,63.98,4.0,0.3470543324947357,1.0
0.2,86.31,6.0,0.3505403399467468,1.0
0.2,88.65,4.0,0.3715944290161133,1.0
0.2,63.98,7.0,0.27391818165779114,0.0
0.2,86.31,2.0,0.3110170066356659,1.0
0.2,63.98,0.0,0.22032774984836578,1.0
0.2,88.65,4.0,0.40352264046669006,1.0
0.2,63.98,5.0,0.3834126889705658,1.0
0.2,86.31,2.0,0.3906770646572113,0.0
0.2,86.31,7.0,0.4436420500278473,0.0
0.2,86.31,1.0,0.3423393964767456,1.0
0.2,30.26,2.0,0.3148893713951111,1.0
0.5,88.65,2.0,0.360825777053833,1.0
0.2,86.31,4.0,0.3843623101711273,1.0
0.2,86.31,7.0,0.30343085527420044,0.0
0.2,88.65,2.0,0.34665238857269287,1.0
0.2,30.26,3.0,0.4101139008998871,1.0
0.2,89.72,10.0,0.49074533581733704,0.0
0.2,52.57,9.0,0.3078763782978058,1.0
0.25,52.57,5.0,0.18844681978225708,1.0
0.4,52.57,5.0,0.16636668145656586,1.0
0.16666666666666666,52.57,9.0,0.15767857432365417,1.0
0.2,52.57,7.0,0.09672009944915771,0.0
0.2,52.57,2.0,0.1413194239139557,1.0
0.2,52.57,3.0,0.2763889729976654,1.0
0.2,52.57,1.0,0.23020771145820618,1.0
0.2,52.57,9.0,0.0858691856265068,1.0
0.2,52.57,2.0,0.13920573890209198,1.0
0.2,52.57,2.0,0.30902326107025146,1.0
0.2,52.57,6.0,0.17421855032444,1.0
0.2,52.57,8.0,0.3170943558216095,1.0
0.25,88.63,2.0,0.44669845700263977,1.0
0.2,94.42,8.0,0.22785921394824982,0.0
0.25,88.63,8.0,0.15354415774345398,0.0
0.14285714285714285,97.51,8.0,0.06930889934301376,0.0
0.25,97.51,5.0,0.12174571305513382,0.0
0.125,97.51,5.0,0.0028936583548784256,1.0
0.25,97.51,4.0,0.19767847657203674,1.0
0.2,88.65,6.0,-0.013043141923844814,0.0
0.125,97.51,7.0,0.08211398124694824,0.0
0.125,97.51,6.0,0.12594786286354065,1.0
0.3333333333333333,97.51,9.0,-0.013043141923844814,1.0
0.125,88.65,9.0,0.19083906710147858,1.0
0.14285714285714285,97.51,6.0,-0.0375908687710762,0.0
0.125,88.65,5.0,0.13542376458644867,1.0
0.25,88.65,7.0,0.0028936583548784256,0.0
0.2,88.65,9.0,-0.0375908687710762,1.0
0.125,97.51,6.0,0.13542376458644867,0.0
0.5,88.57,1.0,0.243522047996521,1.0
0.2,87.97,8.0,0.4959295690059662,1.0
0.2,97.51,3.0,0.20220734179019928,1.0
0.2,88.65,5.0,0.440164715051651,1.0
0.2,97.51,5.0,0.5698800086975098,1.0
0.2,87.97,4.0,0.22419899702072144,0.0
0.2,94.42,4.0,0.12003311514854431,0.0
0.2,87.97,4.0,0.37336465716362,0.0
0.2,88.65,1.0,0.4540274739265442,1.0
0.2,88.65,4.0,0.405026376247406,0.0
0.2,88.65,2.0,0.22602927684783936,0.0
0.2,97.51,7.0,0.22196468710899353,0.0
0.2,88.65,4.0,0.3111824691295624,0.0
0.2,16.04,1.0,0.4383910298347473,1.0
0.125,98.97,10.0,0.2999703884124756,0.0
0.3333333333333333,98.97,8.0,0.11647940427064896,1.0
0.14285714285714285,98.97,6.0,-0.0033003201242536306,1.0
0.25,98.97,3.0,0.11647940427064896,1.0
0.14285714285714285,98.97,1.0,-0.0033003201242536306,0.0
0.2,67.78,2.0,0.5010448098182678,1.0
0.2,98.97,4.0,0.12813261151313782,1.0
0.2,68.31,7.0,0.06435753405094147,1.0
0.2,68.31,5.0,0.12374235689640045,0.0
0.2,68.31,0.0,0.06639312207698822,1.0
0.2,98.97,0.0,0.0517192967236042,1.0
0.2,99.17,7.0,0.2982825040817261,1.0
0.2,68.31,1.0,0.37770402431488037,1.0
0.2,98.97,0.0,0.12243099510669708,1.0
0.5,99.17,1.0,0.3836977779865265,1.0
0.2,98.97,7.0,0.03980087861418724,0.0
0.2,99.17,3.0,0.06888491660356522,0.0
0.5,89.89,3.0,0.2614677846431732,1.0
0.25,89.89,4.0,0.09016028791666031,1.0
0.125,89.89,2.0,0.0766606405377388,1.0
0.125,89.89,4.0,0.2327166050672531,1.0
0.2,89.89,6.0,0.29633834958076477,1.0
0.2,89.89,3.0,0.33790066838264465,1.0
0.2,89.89,1.0,0.279642254114151,1.0
0.2,89.89,9.0,0.2611154317855835,1.0
0.2,89.89,0.0,0.2193768173456192,1.0
0.2,89.89,7.0,0.1922072172164917,1.0
0.2,89.89,4.0,0.32324203848838806,1.0
0.2,89.89,7.0,0.38661423325538635,1.0
0.5,56.94,6.0,0.4771806597709656,1.0
0.2,89.89,2.0,0.35329750180244446,1.0
0.2,56.94,1.0,0.2811700403690338,1.0
0.2,56.94,0.0,0.19864481687545776,1.0
0.2,89.89,7.0,0.37274423241615295,0.0
0.2,89.89,8.0,0.42391446232795715,1.0
0.2,89.89,4.0,0.2628588080406189,1.0
0.2,56.94,2.0,0.3068994879722595,1.0
0.2,89.89,5.0,0.1648218184709549,1.0
0.3333333333333333,92.42,7.0,0.4899383783340454,1.0
0.25,0.0,1.0,0.1906612515449524,1.0
0.16666666666666666,0.0,8.0,0.22446946799755096,1.0
0.16666666666666666,0.0,3.0,0.0364939346909523,1.0
0.2,0.0,1.0,0.0833997055888176,1.0
0.14285714285714285,0.0,1.0,0.1782306283712387,1.0
0.25,0.0,2.0,0.1782306283712387,1.0
0.25,0.0,3.0,0.4857354462146759,1.0
0.25,0.0,1.0,0.5249638557434082,1.0
0.25,0.0,3.0,0.8441499471664429,1.0
0.25,0.0,7.0,0.596943199634552,1.0
0.6666666666666666,0.0,8.0,0.5097018480300903,1.0
0.6666666666666666,0.0,5.0,0.6958499550819397,1.0
0.25,0.0,2.0,0.47900184988975525,1.0
0.25,0.0,3.0,0.4857232868671417,1.0
0.6666666666666666,0.0,5.0,0.5765743851661682,1.0
0.25,0.0,8.0,0.2862474024295807,1.0
0.25,0.0,9.0,0.6009398102760315,1.0
0.25,0.0,6.0,0.5210382342338562,1.0
0.25,0.0,5.0,0.5222259759902954,1.0
0.6666666666666666,0.0,1.0,0.7955476641654968,1.0
0.25,0.0,0.0,0.48106005787849426,1.0
0.25,0.0,3.0,0.5558137893676758,1.0
0.5,20.02,6.0,0.5347846746444702,1.0
0.5,0.0,1.0,0.5539394021034241,1.0
0.16666666666666666,0.0,5.0,0.088770292699337,1.0
0.16666666666666666,0.0,1.0,0.13182248175144196,1.0
0.2,0.0,6.0,0.29065465927124023,1.0
0.5,0.0,6.0,0.3285992741584778,1.0
0.16666666666666666,0.0,5.0,0.3476020097732544,1.0
0.16666666666666666,0.0,8.0,0.23190002143383026,1.0
0.3333333333333333,0.0,7.0,0.7062866687774658,1.0
0.3333333333333333,0.0,3.0,0.6952164173126221,1.0
0.3333333333333333,0.0,0.0,0.49130576848983765,1.0
0.3333333333333333,20.02,2.0,0.6522089838981628,1.0
0.16666666666666666,0.0,2.0,0.1417638063430786,1.0
0.16666666666666666,0.0,4.0,0.15798281133174896,1.0
0.4,0.0,7.0,0.09052930027246475,1.0
0.14285714285714285,0.0,5.0,0.1417638063430786,1.0
0.25,0.0,7.0,0.29650619626045227,1.0
0.6666666666666666,0.0,4.0,0.48014023900032043,1.0
0.25,0.0,5.0,0.48001018166542053,1.0
0.6666666666666666,0.0,4.0,0.4616163671016693,1.0
0.25,0.0,7.0,0.6732731461524963,1.0
0.25,0.0,1.0,0.6195234656333923,1.0
0.25,0.0,2.0,0.40216532349586487,1.0
0.25,0.0,5.0,0.5334428548812866,1.0
0.25,0.0,5.0,0.6582415103912354,1.0
0.25,0.0,4.0,0.4165513813495636,1.0
0.25,0.0,1.0,0.3627466857433319,1.0
0.25,0.0,1.0,0.5637995004653931,1.0
0.25,95.37,1.0,0.3564903736114502,1.0
0.25,0.0,1.0,0.6640627980232239,1.0
0.14285714285714285,0.0,8.0,0.29073047637939453,1.0
0.14285714285714285,0.0,3.0,0.35491687059402466,1.0
0.16666666666666666,0.0,2.0,0.4336589574813843,1.0
0.16666666666666666,0.0,1.0,0.29927194118499756,1.0
0.2,0.0,3.0,0.29927194118499756,1.0
0.16666666666666666,0.0,5.0,0.3858368992805481,1.0
0.14285714285714285,0.0,1.0,0.24494843184947968,1.0
0.25,0.0,2.0,0.48737654089927673,1.0
0.25,0.0,1.0,0.6417261958122253,1.0
0.25,0.0,2.0,0.6132832765579224,1.0
0.25,0.0,7.0,0.5795605182647705,1.0
0.25,0.0,6.0,0.6525391936302185,1.0
0.16666666666666666,68.83,4.0,0.13990801572799683,1.0
0.14285714285714285,0.0,0.0,0.1754797250032425,1.0
0.4,0.0,3.0,0.34819909930229187,1.0
0.16666666666666666,0.0,8.0,0.5503378510475159,1.0
0.16666666666666666,68.83,0.0,0.1754797250032425,1.0
0.25,68.83,1.0,0.5574367046356201,1.0
0.25,0.0,0.0,0.41865694522857666,1.0
0.25,0.0,5.0,0.42649221420288086,1.0
0.25,69.29,7.0,0.38316887617111206,1.0
0.25,0.0,5.0,0.5146527886390686,1.0
0.25,68.83,4.0,0.29107239842414856,1.0
0.25,61.19,4.0,0.33151108026504517,1.0
0.25,0.0,1.0,0.5255782008171082,1.0
0.25,0.0,3.0,0.08482100069522858,1.0
0.14285714285714285,0.0,1.0,0.4880407452583313,1.0
0.14285714285714285,0.0,1.0,0.22895978391170502,1.0
0.6666666666666666,78.42,9.0,0.4999679625034332,1.0
0.25,0.0,5.0,0.6316500306129456,1.0
0.25,0.0,3.0,0.46245455741882324,1.0
0.25,0.0,3.0,0.5918617844581604,1.0
0.25,0.0,7.0,0.5116342306137085,1.0
0.25,0.0,4.0,0.5225734114646912,1.0
0.25,0.0,6.0,0.4816277027130127,1.0
0.25,0.0,4.0,0.5404166579246521,1.0
0.6666666666666666,0.0,10.0,0.5563357472419739,1.0
0.25,0.0,7.0,0.3438805043697357,1.0
0.3333333333333333,20.02,4.0,0.6489983797073364,1.0
0.6666666666666666,20.02,7.0,0.6560038328170776,1.0
0.3333333333333333,0.0,1.0,0.508262574672699,1.0
1.0,20.02,5.0,0.4899027645587921,1.0
0.14285714285714285,20.02,2.0,0.16808085143566132,1.0
0.14285714285714285,20.02,6.0,0.15543919801712036,1.0
0.25,20.02,8.0,0.5254677534103394,1.0
0.25,20.02,7.0,0.5045760869979858,1.0
0.25,20.02,4.0,0.5634967684745789,1.0
0.25,20.02,2.0,0.4487546384334564,1.0
0.25,20.02,0.0,0.4054821729660034,1.0
0.25,0.0,5.0,0.23406721651554108,0.0
0.6666666666666666,20.02,10.0,0.6092571020126343,1.0
0.25,20.02,9.0,0.4853908121585846,1.0
0.25,0.0,5.0,0.45628100633621216,1.0
0.25,20.02,7.0,0.5700677037239075,0.0
0.25,20.02,6.0,0.6192551255226135,1.0
0.25,0.0,3.0,0.3731144964694977,1.0
0.25,20.02,6.0,0.5901252031326294,0.0
0.25,0.0,10.0,0.6522436141967773,1.0
0.25,20.02,3.0,0.7012960910797119,1.0
0.25,20.02,8.0,0.5200667381286621,1.0
0.25,20.02,9.0,0.61080402135849,1.0
0.25,20.02,6.0,0.5247248411178589,1.0
0.25,20.02,8.0,0.5553673505783081,1.0
0.25,0.0,4.0,0.45154669880867004,1.0
0.14285714285714285,41.26,3.0,0.6064618229866028,1.0
0.16666666666666666,41.26,9.0,0.4343416094779968,1.0
0.2,41.26,5.0,0.21160008013248444,1.0
0.25,41.26,6.0,0.5133655667304993,1.0
0.25,0.0,2.0,0.6406503915786743,1.0
0.25,41.26,0.0,0.6056199073791504,1.0
0.25,0.0,10.0,0.47963637113571167,1.0
0.25,0.0,5.0,0.6683303117752075,1.0
0.25,0.0,0.0,0.42605695128440857,1.0
0.14285714285714285,0.0,4.0,0.23249338567256927,1.0
0.25,0.0,5.0,0.09402360022068024,1.0
0.125,0.0,9.0,0.09402360022068024,1.0
0.2,0.0,4.0,0.36510372161865234,1.0
0.16666666666666666,0.0,2.0,0.43731701374053955,1.0
0.2,0.0,6.0,0.30811530351638794,1.0
0.2,0.0,10.0,0.5933185815811157,1.0
0.2,0.0,6.0,0.5543915629386902,1.0
0.2,0.0,1.0,0.4496814012527466,1.0
0.5,0.0,4.0,0.37341511249542236,1.0
0.3333333333333333,68.89,6.0,0.46764901280403137,1.0
0.16666666666666666,68.89,6.0,0.48279356956481934,1.0
0.14285714285714285,68.89,1.0,0.29515665769577026,1.0
0.2,0.06,6.0,0.47081899642944336,1.0
0.14285714285714285,68.89,5.0,0.47081899642944336,1.0
0.14285714285714285,0.06,7.0,0.47081899642944336,1.0
0.16666666666666666,68.89,10.0,0.2682865858078003,1.0
0.16666666666666666,68.89,5.0,0.24978534877300262,1.0
0.14285714285714285,0.06,3.0,0.22876641154289246,1.0
0.25,68.89,7.0,0.28011560440063477,1.0
0.6666666666666666,0.06,7.0,0.28011560440063477,1.0
0.25,0.06,9.0,0.7307142615318298,1.0
0.25,0.08,3.0,0.6354581117630005,1.0
0.25,68.89,8.0,0.4235038459300995,1.0
0.25,0.67,10.0,0.6561939716339111,1.0
0.25,68.89,7.0,0.5179567933082581,1.0
0.3333333333333333,0.06,1.0,0.6153560280799866,1.0
0.25,0.06,7.0,0.5605684518814087,1.0
0.25,0.06,9.0,0.6729651689529419,1.0
0.25,68.89,9.0,0.5717602372169495,1.0
0.25,0.06,9.0,0.6709752678871155,1.0
0.25,68.89,7.0,0.41702690720558167,1.0
0.25,0.67,6.0,0.5496625304222107,1.0
0.25,68.89,4.0,0.6818057894706726,1.0
0.25,93.79,0.0,0.7480831742286682,1.0
0.25,93.79,6.0,0.4067184031009674,1.0
0.25,0.67,3.0,0.48017817735671997,1.0
0.25,68.89,7.0,0.419484943151474,1.0
0.25,0.67,6.0,0.5462663173675537,1.0
0.25,68.89,5.0,0.6338509321212769,1.0
0.25,0.06,6.0,0.4770223796367645,1.0
0.25,0.06,1.0,0.6264981627464294,1.0
0.25,0.06,5.0,0.5506487488746643,1.0
0.25,0.06,9.0,0.6624161601066589,1.0
0.25,68.89,8.0,0.5696743726730347,1.0
0.25,99.69,8.0,0.391072541475296,1.0
1.0,68.89,5.0,0.564764142036438,1.0
0.3333333333333333,0.0,6.0,0.13353586196899414,1.0
0.16666666666666666,0.0,2.0,0.13353586196899414,1.0
0.3333333333333333,0.0,10.0,0.3102695345878601,1.0
0.14285714285714285,0.0,2.0,0.22090815007686615,1.0
0.25,0.0,1.0,0.15608276426792145,1.0
0.2,68.83,9.0,0.3102695345878601,1.0
0.25,0.0,6.0,0.2690989077091217,1.0
0.4,0.0,6.0,0.15253090858459473,1.0
0.16666666666666666,0.0,7.0,0.1526876538991928,0.0
0.5,68.83,0.0,0.2690989077091217,1.0
0.16666666666666666,68.83,10.0,0.1982012838125229,0.0
0.14285714285714285,68.83,6.0,0.1090817078948021,0.0
0.16666666666666666,68.83,9.0,0.05777342990040779,1.0
0.3333333333333333,0.0,2.0,0.3102695345878601,1.0
0.25,68.83,10.0,0.05777342990040779,1.0
0.25,0.0,7.0,0.22090815007686615,1.0
0.2,68.83,9.0,0.06367027759552002,0.0
0.25,69.26,10.0,0.37421372532844543,1.0
0.25,68.83,3.0,0.4554543197154999,1.0
0.25,68.83,2.0,0.4585261046886444,1.0
0.25,0.0,3.0,0.45318603515625,1.0
0.25,68.83,7.0,0.3907020092010498,1.0
0.25,68.83,3.0,0.5718392729759216,1.0
0.6666666666666666,68.83,4.0,0.3840457499027252,1.0
0.25,69.29,4.0,0.3965412676334381,1.0
0.25,0.0,8.0,0.49048757553100586,1.0
0.25,0.0,10.0,0.45277631282806396,1.0
0.25,69.29,5.0,0.532770037651062,1.0
0.25,69.29,4.0,0.43095073103904724,1.0
0.6666666666666666,69.29,8.0,0.4159250855445862,1.0
0.25,0.0,8.0,0.5012438297271729,0.0
0.25,25.26,3.0,0.37068846821784973,1.0
0.25,61.19,8.0,0.3932580351829529,1.0
0.25,69.29,0.0,0.45397132635116577,1.0
0.25,69.29,3.0,0.6140323877334595,1.0
0.25,69.29,6.0,0.4438791871070862,1.0
0.25,0.0,4.0,0.439877450466156,1.0
0.25,68.83,8.0,0.502366304397583,1.0
0.25,68.83,3.0,0.4530933201313019,1.0
0.25,68.83,7.0,0.42512041330337524,1.0
0.25,68.83,6.0,0.45509952306747437,1.0
0.25,68.83,1.0,0.5691877007484436,1.0
0.25,68.83,3.0,0.6267129182815552,1.0
0.25,0.0,3.0,0.3673582971096039,1.0
0.25,0.0,5.0,0.40304699540138245,1.0
0.6666666666666666,25.26,3.0,0.46715086698532104,1.0
0.25,39.38,4.0,0.30309098958969116,1.0
0.25,18.17,1.0,0.31192463636398315,1.0
0.16666666666666666,0.0,6.0,0.18825210630893707,1.0
0.3333333333333333,0.0,3.0,0.2716013491153717,1.0
0.3333333333333333,0.0,10.0,0.19295354187488556,1.0
0.3333333333333333,0.0,3.0,0.36380237340927124,1.0
0.3333333333333333,0.0,7.0,0.3388073742389679,1.0
0.3333333333333333,0.0,5.0,0.5915523171424866,1.0
0.25,0.0,8.0,0.5321808457374573,1.0
0.2,0.0,7.0,0.6133677363395691,1.0
0.2,0.0,4.0,0.1437554806470871,1.0
0.16666666666666666,0.0,9.0,0.24780231714248657,1.0
0.125,0.0,2.0,0.25052937865257263,1.0
0.14285714285714285,0.0,7.0,0.4221010208129883,1.0
0.14285714285714285,0.0,1.0,0.36276304721832275,1.0
0.3333333333333333,0.0,2.0,0.2651190161705017,1.0
0.2,0.0,4.0,0.6778869032859802,1.0
0.2,78.42,8.0,0.5225911140441895,1.0
0.2,78.42,10.0,0.6833178997039795,1.0
0.2,0.0,1.0,0.6257860660552979,1.0
0.2,0.0,4.0,0.6433259844779968,1.0
0.2,0.0,2.0,0.5992416143417358,1.0
0.2,0.0,2.0,0.36829206347465515,1.0
0.2,0.0,6.0,0.6506297588348389,1.0
0.2,0.0,7.0,0.5795329213142395,1.0
0.2,0.0,4.0,0.3992013931274414,1.0
0.2,0.0,5.0,0.6130685806274414,1.0
0.2,0.0,8.0,0.4197855591773987,1.0
0.2,0.0,5.0,0.5317854285240173,1.0
0.2,0.0,9.0,0.47197189927101135,1.0
0.2,78.42,10.0,0.5021095275878906,1.0
0.2,0.0,4.0,0.5162688493728638,1.0
0.2,0.0,6.0,0.7201173305511475,1.0
0.2,0.0,5.0,0.45403534173965454,1.0
0.2,0.0,7.0,0.7443914413452148,1.0
0.2,0.0,3.0,0.7261473536491394,1.0
0.2,0.0,9.0,0.6973234415054321,1.0
0.2,0.0,5.0,0.6871550679206848,1.0
0.2,0.0,2.0,0.58265620470047,1.0
0.2,0.0,2.0,0.5498690605163574,1.0
0.2,0.0,6.0,0.5476836562156677,1.0
0.3333333333333333,20.02,5.0,0.5611116290092468,1.0
0.3333333333333333,0.0,10.0,0.5414559841156006,1.0
0.3333333333333333,0.0,9.0,0.5537129044532776,0.0
0.3333333333333333,0.0,9.0,0.6618143320083618,1.0
0.16666666666666666,0.0,1.0,0.2438240498304367,1.0
0.14285714285714285,0.0,6.0,0.26640284061431885,1.0
0.14285714285714285,0.0,10.0,0.30924737453460693,1.0
0.2,0.0,1.0,0.12686455249786377,1.0
0.25,0.0,1.0,0.4186432659626007,1.0
0.25,0.0,3.0,0.5801583528518677,1.0
0.25,0.0,9.0,0.5246286988258362,1.0
0.25,0.0,10.0,0.39092445373535156,1.0
0.25,0.0,6.0,0.5519402027130127,1.0
0.25,0.0,4.0,0.3736388087272644,1.0
0.25,20.02,1.0,0.6973684430122375,1.0
0.25,20.02,1.0,0.38325557112693787,1.0
0.25,20.02,9.0,0.548898458480835,1.0
0.25,0.0,2.0,0.6594064831733704,1.0
0.25,0.0,3.0,0.4981394410133362,1.0
0.25,0.0,2.0,0.5589110851287842,1.0
0.25,0.0,7.0,0.5530927777290344,1.0
0.25,20.02,1.0,0.6837992668151855,1.0
0.25,20.02,7.0,0.5339479446411133,1.0
0.25,0.0,4.0,0.4421268701553345,1.0
0.25,0.0,9.0,0.6772094368934631,1.0
0.25,0.0,10.0,0.5976987481117249,1.0
0.25,0.0,4.0,0.47709736227989197,1.0
0.25,20.02,0.0,0.5146706104278564,1.0
0.3333333333333333,92.42,9.0,0.5386302471160889,1.0
0.25,0.0,1.0,0.14124180376529694,1.0
0.16666666666666666,0.0,7.0,0.27342790365219116,1.0
0.2,0.0,9.0,0.3273463547229767,1.0
0.16666666666666666,0.0,4.0,0.3217848539352417,1.0
0.3333333333333333,0.0,3.0,0.3215062916278839,1.0
0.16666666666666666,0.0,2.0,0.21571464836597443,1.0
0.25,0.0,5.0,0.5050660967826843,1.0
0.25,0.0,5.0,0.6129634976387024,1.0
0.25,0.0,5.0,0.6619136333465576,1.0
0.25,0.0,10.0,0.5014837384223938,1.0
0.25,92.42,3.0,0.5023893117904663,1.0
0.25,0.0,6.0,0.35476750135421753,1.0
0.25,95.37,1.0,0.5840217471122742,1.0
0.3333333333333333,41.26,5.0,0.7567874789237976,1.0
0.3333333333333333,41.26,9.0,0.4779669940471649,1.0
0.2,0.0,3.0,0.20097169280052185,1.0
0.14285714285714285,0.0,0.0,0.2577066421508789,1.0
0.16666666666666666,0.0,1.0,0.352252721786499,1.0
0.25,0.0,3.0,0.21552440524101257,1.0
0.25,0.0,5.0,0.48957502841949463,1.0
0.25,0.0,9.0,0.4389190673828125,1.0
0.25,41.26,7.0,0.6539633274078369,1.0
0.2,92.42,5.0,0.4674937129020691,1.0
0.2,92.42,2.0,0.15751132369041443,1.0
0.14285714285714285,92.42,5.0,0.4031141400337219,1.0
0.25,92.42,10.0,0.15751132369041443,1.0
0.16666666666666666,92.42,2.0,0.1561054140329361,1.0
0.2857142857142857,92.42,4.0,0.4581442177295685,1.0
0.14285714285714285,92.42,3.0,0.20786745846271515,1.0
0.2,92.42,4.0,0.48341357707977295,1.0
0.2,92.42,10.0,0.5231499671936035,1.0
0.2,92.42,8.0,0.2685766816139221,1.0
0.2,92.42,5.0,0.5053012371063232,1.0
0.5,92.42,5.0,0.4235804080963135,1.0
0.2,69.78,10.0,0.3564590811729431,1.0
0.2,69.78,2.0,0.6050270795822144,1.0
0.2,92.42,6.0,0.3750580847263336,1.0
0.2,92.42,2.0,0.44926515221595764,1.0
0.3333333333333333,68.89,2.0,0.6709337830543518,1.0
0.16666666666666666,68.89,0.0,0.11112751066684723,1.0
0.16666666666666666,0.06,8.0,0.3603709042072296,1.0
0.14285714285714285,68.89,4.0,0.37505456805229187,1.0
0.3333333333333333,68.89,9.0,0.3603709042072296,1.0
0.14285714285714285,68.89,0.0,0.3369661271572113,1.0
0.16666666666666666,68.89,8.0,0.37505456805229187,1.0
0.25,0.06,1.0,0.6373035311698914,1.0
0.25,0.08,3.0,0.4841015040874481,1.0
0.25,68.89,3.0,0.5087811946868896,1.0
0.3333333333333333,0.06,4.0,0.6738930940628052,1.0
0.25,0.06,1.0,0.7250681519508362,1.0
0.25,0.06,1.0,0.6751439571380615,1.0
0.25,68.89,6.0,0.7616580128669739,1.0
0.25,0.67,2.0,0.782513439655304,1.0
0.25,0.06,3.0,0.5610114932060242,1.0
0.25,0.06,1.0,0.7109130024909973,1.0
0.25,0.67,4.0,0.6895062327384949,1.0
0.6666666666666666,68.89,3.0,0.693972647190094,1.0
0.6666666666666666,0.06,6.0,0.8088653683662415,1.0
0.25,0.06,0.0,0.7322283983230591,1.0
0.25,68.89,0.0,0.6014474034309387,1.0
0.25,93.79,9.0,0.47395583987236023,1.0
0.25,87.04,1.0,0.5245675444602966,1.0
0.25,0.0,5.0,0.36154651641845703,1.0
0.25,0.0,8.0,0.43827885389328003,1.0
0.25,0.0,7.0,0.5340592265129089,1.0
0.25,0.0,2.0,0.24070605635643005,1.0
0.25,0.0,4.0,0.5852054357528687,1.0
0.25,0.0,5.0,0.6117502450942993,1.0
0.25,0.0,6.0,0.3828968107700348,1.0
0.25,0.0,2.0,0.6054736375808716,1.0
0.25,20.02,6.0,0.6453712582588196,1.0
0.6666666666666666,0.0,2.0,0.5623723864555359,1.0
0.2,0.0,10.0,0.2501913011074066,0.0
0.2857142857142857,0.0,5.0,0.2718900442123413,1.0
0.125,0.0,1.0,0.11869891732931137,1.0
0.14285714285714285,0.0,4.0,0.39196109771728516,1.0
0.2,0.0,6.0,0.6109548211097717,1.0
0.125,0.0,8.0,0.30731508135795593,1.0
0.5,0.0,1.0,0.5567013025283813,1.0
0.2,0.0,0.0,0.7112351655960083,1.0
0.2,0.0,5.0,0.5603015422821045,1.0
0.2,0.0,7.0,0.4544362723827362,1.0
0.5,0.0,3.0,0.5868600606918335,1.0
0.2,0.0,2.0,0.45704105496406555,1.0
0.5,20.02,6.0,0.5209614634513855,1.0
0.5,20.02,2.0,0.6836286783218384,1.0
0.2,0.0,0.0,0.6523951292037964,1.0
0.2,20.02,5.0,0.6170617341995239,1.0
0.2,20.02,4.0,0.4453723132610321,1.0
0.2,20.02,3.0,0.6838628053665161,1.0
0.2,20.02,1.0,0.6906315684318542,1.0
0.2,0.0,4.0,0.6132754683494568,1.0
0.2,0.0,5.0,0.6405872702598572,1.0
0.2,20.02,4.0,0.6044330596923828,1.0
0.2,0.0,2.0,0.7202371954917908,1.0
0.2,0.0,1.0,0.5851840972900391,1.0
0.2,0.0,1.0,0.725240170955658,1.0
0.2,0.0,2.0,0.3754293918609619,1.0
0.2,0.0,1.0,0.5049861669540405,1.0
0.3333333333333333,0.0,4.0,0.37891098856925964,1.0
0.25,41.26,2.0,0.585261344909668,1.0
0.2,41.26,8.0,0.2222360521554947,1.0
0.16666666666666666,41.26,4.0,0.3188822269439697,1.0
0.25,41.26,2.0,0.3150995373725891,1.0
0.25,41.26,5.0,0.40963464975357056,1.0
0.25,41.26,6.0,0.5671728849411011,1.0
0.25,41.26,0.0,0.45017167925834656,1.0
0.25,41.26,4.0,0.47428956627845764,1.0
0.25,41.26,5.0,0.43051543831825256,1.0
0.25,41.26,2.0,0.3998412489891052,1.0
0.25,41.26,9.0,0.4214632213115692,1.0
0.2,0.0,4.0,0.3521079123020172,1.0
0.16666666666666666,0.0,1.0,0.2418024241924286,1.0
0.16666666666666666,0.0,7.0,0.3521079123020172,1.0
0.25,0.0,4.0,0.4123566448688507,1.0
0.25,0.0,10.0,0.7296375036239624,1.0
0.25,0.0,2.0,0.7521246075630188,1.0
0.25,0.0,1.0,0.6855674386024475,1.0
0.25,0.0,4.0,0.6372986435890198,1.0
0.25,0.0,0.0,0.8039360046386719,1.0
0.25,0.0,3.0,0.7823448777198792,1.0
0.25,0.0,10.0,0.8344306945800781,1.0
0.25,0.0,10.0,0.7649847269058228,1.0
0.16666666666666666,0.0,5.0,0.6032636165618896,1.0
0.3333333333333333,0.0,3.0,0.5812959671020508,1.0
0.3333333333333333,0.0,6.0,0.29325658082962036,1.0
0.3333333333333333,0.0,9.0,0.42560431361198425,1.0
0.4,68.83,6.0,0.4121377170085907,1.0
0.16666666666666666,0.0,9.0,0.4850881099700928,1.0
0.14285714285714285,0.0,2.0,0.3686853349208832,1.0
0.2,68.83,9.0,0.3657030165195465,1.0
0.3333333333333333,0.0,2.0,0.3657030165195465,1.0
0.16666666666666666,0.0,10.0,0.3686853349208832,1.0
0.16666666666666666,68.83,9.0,0.32365331053733826,1.0
0.25,68.83,6.0,0.8165517449378967,1.0
0.25,68.96,1.0,0.6616039276123047,1.0
0.25,68.83,2.0,0.7477728724479675,1.0
0.25,0.0,5.0,0.43751654028892517,1.0
0.25,90.38,8.0,0.7233567237854004,1.0
0.25,68.83,6.0,0.7093307375907898,1.0
0.25,68.83,3.0,0.8162763714790344,1.0
0.25,69.29,4.0,0.8085741996765137,1.0
0.25,68.83,6.0,0.5914625525474548,1.0
0.25,68.83,5.0,0.584621787071228,1.0
0.25,0.0,4.0,0.49256497621536255,1.0
0.6666666666666666,0.0,1.0,0.7809277772903442,1.0
0.6666666666666666,68.83,4.0,0.7391000986099243,1.0
0.25,68.83,2.0,0.750497043132782,1.0
0.25,68.83,6.0,0.7150000333786011,1.0
0.25,61.19,6.0,0.5588307976722717,1.0
0.3333333333333333,20.02,5.0,0.5252617001533508,1.0
0.3333333333333333,20.02,4.0,0.5114452838897705,1.0
0.3333333333333333,20.02,1.0,0.15869620442390442,1.0
0.3333333333333333,20.02,5.0,0.18017888069152832,1.0
0.25,20.02,6.0,0.3278258740901947,1.0
0.3333333333333333,20.02,0.0,0.34303194284439087,1.0
0.25,20.02,1.0,0.6611377000808716,1.0
0.6666666666666666,20.02,1.0,0.4532942771911621,1.0
0.6666666666666666,20.02,9.0,0.4707748591899872,1.0
0.25,20.02,8.0,0.7246675491333008,1.0
0.25,0.0,4.0,0.456150621175766,1.0
0.25,20.02,6.0,0.6136277914047241,1.0
0.25,20.02,7.0,0.5938851237297058,1.0
0.25,20.02,7.0,0.5851202011108398,1.0
0.25,0.0,9.0,0.7328839302062988,1.0
0.25,20.02,8.0,0.5012477040290833,1.0
0.25,20.02,2.0,0.4911842942237854,1.0
0.25,20.02,6.0,0.6295682787895203,1.0
0.25,20.02,7.0,0.5348720550537109,1.0
0.25,20.02,8.0,0.44095510244369507,0.0
0.25,0.0,4.0,0.445155531167984,1.0
0.6666666666666666,20.02,9.0,0.46655943989753723,1.0
0.25,0.0,5.0,0.31226181983947754,1.0
0.3333333333333333,0.0,1.0,0.18060331046581268,1.0
0.16666666666666666,0.0,3.0,0.2854088544845581,1.0
0.3333333333333333,0.0,3.0,0.14592596888542175,1.0
0.3333333333333333,41.26,8.0,0.5308865904808044,1.0
0.3333333333333333,0.0,4.0,0.7891515493392944,1.0
0.25,92.42,8.0,0.2578178346157074,0.0
0.25,92.42,8.0,0.19555969536304474,1.0
0.16666666666666666,92.42,4.0,0.17185501754283905,1.0
0.2,92.42,0.0,0.4223676323890686,1.0
0.3333333333333333,92.42,6.0,0.4292861819267273,1.0
0.25,92.42,4.0,0.6975867748260498,1.0
0.6666666666666666,92.42,4.0,0.5943748354911804,1.0
0.6666666666666666,92.42,1.0,0.7226028442382812,1.0
0.25,92.42,4.0,0.46072593331336975,1.0
0.25,92.42,2.0,0.7065118551254272,1.0
0.25,92.42,6.0,0.6198812127113342,1.0
0.16666666666666666,0.0,4.0,0.3614855110645294,1.0
0.2,0.0,5.0,0.4608718156814575,1.0
0.2,0.0,2.0,0.5743497014045715,1.0
0.2,0.0,7.0,0.6712031364440918,0.0
0.2,89.99,0.0,0.8086451292037964,1.0
0.5,89.99,3.0,0.5330191254615784,1.0
0.2,0.0,10.0,0.48955538868904114,1.0
0.5,0.0,0.0,0.24735726416110992,1.0
0.2,0.0,7.0,0.5882236361503601,1.0
0.2,0.0,4.0,0.5289729237556458,0.0
0.2,0.0,4.0,0.4602230191230774,0.0
0.2,0.0,7.0,0.5881624817848206,1.0
0.2,0.0,7.0,0.6550019979476929,1.0
0.2,0.0,1.0,0.5933026671409607,1.0
0.2,0.0,10.0,0.43138715624809265,1.0
0.2,89.99,10.0,0.5370356440544128,1.0
0.3333333333333333,68.89,1.0,0.21797709167003632,1.0
0.16666666666666666,68.89,7.0,0.21797709167003632,1.0
0.3333333333333333,68.89,5.0,0.35518214106559753,1.0
0.14285714285714285,68.89,3.0,0.27779844403266907,1.0
0.25,68.89,6.0,0.09065918624401093,1.0
0.2,0.06,4.0,0.35518214106559753,1.0
0.25,68.89,1.0,0.2907252311706543,1.0
0.5,0.06,5.0,0.2907252311706543,1.0
0.14285714285714285,0.06,1.0,0.21120601892471313,1.0
0.16666666666666666,0.06,4.0,0.20644327998161316,1.0
0.3333333333333333,68.89,7.0,0.35518214106559753,1.0
0.25,0.06,5.0,0.20644327998161316,1.0
0.25,0.06,8.0,0.5992305874824524,1.0
0.25,0.06,3.0,0.4897281527519226,1.0
0.25,68.89,2.0,0.5915060043334961,1.0
0.25,0.06,8.0,0.6268145442008972,1.0
0.6666666666666666,0.06,9.0,0.5232173204421997,1.0
0.25,0.67,1.0,0.5545119643211365,1.0
0.25,0.67,0.0,0.6796731948852539,1.0
0.25,0.67,9.0,0.49882322549819946,1.0
0.25,93.79,2.0,0.4346868693828583,1.0
0.25,0.67,5.0,0.4573214650154114,1.0
0.25,0.67,8.0,0.5748608112335205,1.0
0.25,68.89,1.0,0.6060608625411987,1.0
0.25,0.06,8.0,0.3679012954235077,1.0
0.25,0.06,2.0,0.5203104615211487,1.0
0.25,0.06,6.0,0.6295821070671082,1.0
0.25,0.06,8.0,0.5218235850334167,1.0
0.25,68.89,8.0,0.44311562180519104,1.0
0.25,85.39,5.0,0.5786585807800293,1.0
0.25,68.89,10.0,0.4069037437438965,1.0
0.6666666666666666,93.79,2.0,0.5360798239707947,1.0
0.25,85.39,3.0,0.4165683090686798,1.0
0.25,99.69,9.0,0.5551188588142395,1.0
0.25,87.04,6.0,0.26050642132759094,1.0
0.3333333333333333,0.0,1.0,0.5687085390090942,1.0
0.14285714285714285,0.0,4.0,0.18345527350902557,1.0
0.14285714285714285,0.0,0.0,0.1571282595396042,1.0
0.4,0.0,7.0,0.1934124231338501,1.0
0.2,0.0,10.0,0.4358244836330414,0.0
0.2,0.0,9.0,0.08453453332185745,0.0
0.25,0.0,7.0,0.4110800325870514,1.0
0.3333333333333333,0.0,5.0,0.2630866765975952,1.0
0.14285714285714285,0.0,6.0,0.4110800325870514,1.0
0.14285714285714285,0.0,9.0,0.36755359172821045,1.0
0.25,0.0,9.0,0.46412748098373413,1.0
0.25,0.0,7.0,0.5717912912368774,1.0
0.25,0.0,1.0,0.5773462653160095,1.0
0.25,0.0,0.0,0.36698710918426514,1.0
0.25,0.0,6.0,0.6164930462837219,1.0
0.25,0.0,4.0,0.6566494107246399,1.0
0.25,20.02,6.0,0.5581418871879578,1.0
0.25,0.0,7.0,0.5468285083770752,1.0
0.25,20.02,3.0,0.5938795208930969,1.0
0.25,0.0,6.0,0.4910438656806946,1.0
0.25,0.0,1.0,0.5909826159477234,1.0
0.25,0.0,1.0,0.6651501655578613,1.0
0.25,0.0,2.0,0.5511457920074463,1.0
0.25,0.0,0.0,0.6481711864471436,1.0
0.25,20.02,1.0,0.605779767036438,1.0
0.14285714285714285,0.0,5.0,0.1520376354455948,1.0
0.14285714285714285,0.0,3.0,0.11852385848760605,1.0
0.14285714285714285,0.0,9.0,0.026138322427868843,1.0
0.25,0.0,3.0,0.45172932744026184,1.0
0.25,0.0,10.0,0.790908932685852,1.0
0.25,0.0,4.0,0.7018516659736633,1.0
0.25,0.0,4.0,0.5503550171852112,1.0
0.25,0.0,2.0,0.6163315176963806,1.0
0.25,0.0,6.0,0.6822338104248047,1.0
0.25,0.65,1.0,0.7525246143341064,1.0
0.25,0.0,6.0,0.6763177514076233,1.0
0.25,0.0,5.0,0.71710604429245,1.0
0.25,0.0,6.0,0.7542625665664673,1.0
0.25,0.0,8.0,0.6469749808311462,1.0
0.25,0.0,2.0,0.6707024574279785,1.0
0.25,0.0,3.0,0.7865131497383118,1.0
0.25,0.0,4.0,0.7716102600097656,1.0
0.25,0.0,4.0,0.7388732433319092,1.0
0.25,0.0,1.0,0.6757254004478455,1.0
0.25,0.0,5.0,0.6804341077804565,1.0
0.25,0.0,4.0,0.6961367726325989,1.0
0.16666666666666666,0.0,2.0,0.3817649483680725,1.0
0.3333333333333333,0.0,3.0,0.2753877341747284,1.0
0.25,0.0,2.0,0.29662278294563293,1.0
0.25,0.0,8.0,0.7961034178733826,1.0
0.25,0.0,9.0,0.6193565130233765,1.0
0.6666666666666666,89.23,4.0,0.46995893120765686,1.0
0.3333333333333333,68.89,4.0,0.512085497379303,1.0
0.16666666666666666,68.83,10.0,0.3819003105163574,1.0
0.16666666666666666,0.0,1.0,0.11142333596944809,1.0
0.3333333333333333,0.0,8.0,0.2995016872882843,1.0
0.2,0.0,10.0,0.2995016872882843,1.0
0.16666666666666666,0.0,4.0,0.0417478121817112,1.0
0.16666666666666666,0.0,1.0,0.14514195919036865,1.0
0.14285714285714285,68.83,9.0,0.2600674629211426,1.0
0.3333333333333333,68.83,3.0,0.16040261089801788,1.0
0.25,0.0,1.0,0.052469830960035324,1.0
0.6666666666666666,68.96,3.0,0.5094879269599915,1.0
0.25,69.29,4.0,0.43412548303604126,1.0
0.25,0.0,1.0,0.3300451338291168,1.0
0.25,0.0,7.0,0.45323076844215393,1.0
0.25,68.83,8.0,0.5304791927337646,1.0
0.25,0.0,7.0,0.4712667763233185,1.0
0.25,68.83,1.0,0.3073999285697937,1.0
0.25,69.29,8.0,0.49672675132751465,1.0
0.25,0.0,2.0,0.37980255484580994,1.0
0.25,25.26,6.0,0.3514916002750397,1.0
0.25,69.29,0.0,0.6111537218093872,1.0
0.6666666666666666,0.0,1.0,0.30125129222869873,1.0
0.25,0.0,4.0,0.3636513352394104,1.0
0.25,61.19,0.0,0.37520942091941833,1.0
0.25,68.83,10.0,0.4807392358779907,1.0
0.25,68.83,5.0,0.3865724802017212,1.0
0.25,68.83,0.0,0.4720003604888916,1.0
0.25,68.83,2.0,0.6685784459114075,1.0
0.25,68.83,0.0,0.48098626732826233,1.0
0.25,25.26,8.0,0.25562024116516113,1.0
0.25,90.38,1.0,0.5825616121292114,1.0
0.25,39.38,2.0,0.3758411705493927,1.0
0.25,41.26,7.0,0.36024442315101624,1.0
0.16666666666666666,41.26,8.0,0.3647553622722626,1.0
0.25,41.26,6.0,0.2880069613456726,1.0
0.25,41.26,4.0,0.4010879695415497,1.0
0.25,41.26,0.0,0.6099856495857239,1.0
0.25,41.26,5.0,0.6572121977806091,1.0
0.25,0.0,1.0,0.5268867611885071,1.0
0.25,41.26,1.0,0.6780107617378235,1.0
0.16666666666666666,0.0,2.0,0.45339903235435486,1.0
0.2,0.0,3.0,0.45339903235435486,1.0
0.2,0.0,1.0,0.3779810667037964,1.0
0.14285714285714285,0.0,8.0,0.36772939562797546,1.0
0.2,0.0,3.0,0.6320882439613342,1.0
0.5,78.42,3.0,0.5474812984466553,1.0
0.2,0.0,1.0,0.5726773142814636,1.0
0.2,0.0,5.0,0.7866069674491882,1.0
0.5,0.0,2.0,0.7611392140388489,1.0
0.2,78.42,3.0,0.5128343105316162,1.0
0.2,0.0,5.0,0.7508347630500793,1.0
0.2,0.0,5.0,0.6834184527397156,1.0
0.14285714285714285,0.0,3.0,0.20148494839668274,1.0
0.14285714285714285,0.0,1.0,0.20747923851013184,1.0
0.25,0.0,8.0,0.40845394134521484,1.0
0.14285714285714285,0.0,10.0,0.3796495795249939,0.0
0.25,0.0,3.0,0.6457147598266602,1.0
0.25,0.0,2.0,0.6993408799171448,1.0
0.25,0.0,9.0,0.6235353946685791,1.0
0.25,0.0,3.0,0.5603176355361938,1.0
0.25,0.0,5.0,0.4491381049156189,1.0
0.25,20.02,10.0,0.34693625569343567,1.0
0.6666666666666666,0.0,5.0,0.5307561159133911,1.0
0.25,0.0,4.0,0.5850427150726318,1.0
0.6666666666666666,20.02,8.0,0.701469898223877,1.0
0.25,20.02,0.0,0.6658104658126831,1.0
0.25,0.0,2.0,0.5055332183837891,1.0
0.25,20.02,7.0,0.5587744116783142,1.0
0.25,20.02,2.0,0.5204354524612427,1.0
0.25,20.02,5.0,0.6753408908843994,1.0
0.25,0.0,2.0,0.43303900957107544,1.0
0.25,0.0,3.0,0.5775691270828247,1.0
0.25,0.0,4.0,0.421115517616272,1.0
0.25,0.0,1.0,0.6376327276229858,1.0
0.25,20.02,9.0,0.47353899478912354,1.0
0.3333333333333333,0.0,8.0,0.3788706958293915,1.0
0.14285714285714285,0.0,10.0,0.34487029910087585,1.0
0.2,0.0,1.0,0.3788706958293915,1.0
0.14285714285714285,0.0,5.0,0.31965550780296326,1.0
0.25,0.0,5.0,0.2513462007045746,1.0
0.16666666666666666,0.0,3.0,0.1151994988322258,1.0
0.125,0.0,1.0,0.3788706958293915,1.0
0.14285714285714285,0.0,2.0,0.08623834699392319,1.0
0.5,0.0,10.0,0.43427401781082153,1.0
0.25,0.0,8.0,0.1891477108001709,0.0
0.2,0.0,8.0,0.6289340257644653,1.0
0.2,0.0,1.0,0.6088868379592896,1.0
0.2,0.0,1.0,0.6474133133888245,1.0
0.5,0.0,8.0,0.7151584029197693,1.0
0.2,0.0,5.0,0.6734330058097839,1.0
0.2,0.0,9.0,0.5730970501899719,1.0
1.0,0.0,3.0,0.4585550129413605,1.0
0.5,0.0,0.0,0.6769835948944092,1.0
0.2,0.0,1.0,0.40869393944740295,1.0
0.2,0.0,2.0,0.6452294588088989,1.0
0.5,0.0,10.0,0.569523274898529,1.0
0.2,0.0,6.0,0.6245225667953491,1.0
0.2,0.0,2.0,0.5275728702545166,1.0
0.2,0.0,1.0,0.7301612496376038,1.0
0.2,0.0,3.0,0.6719509363174438,1.0
0.2,0.0,0.0,0.5121610760688782,1.0
0.2,0.0,4.0,0.6046647429466248,1.0
0.5,0.0,6.0,0.5975059866905212,1.0
0.2,92.42,6.0,0.666750431060791,1.0
0.2,0.0,3.0,0.44483479857444763,1.0
0.2,92.42,1.0,0.642774224281311,1.0
0.2,95.37,5.0,0.5876415371894836,0.0
0.16666666666666666,68.89,5.0,0.2302623689174652,1.0
0.16666666666666666,0.06,7.0,0.4131869971752167,1.0
0.2,68.89,6.0,0.4365081787109375,1.0
0.16666666666666666,68.89,3.0,0.38888153433799744,1.0
0.3333333333333333,0.06,1.0,0.12409115582704544,1.0
0.25,0.64,3.0,0.6141945123672485,1.0
0.25,0.08,7.0,0.7143059968948364,1.0
0.25,0.06,4.0,0.5558982491493225,1.0
0.25,68.89,3.0,0.6382768154144287,1.0
0.25,0.06,2.0,0.6450942754745483,1.0
0.25,0.67,4.0,0.3753260374069214,1.0
0.25,68.89,5.0,0.4302113354206085,1.0
0.25,68.89,8.0,0.6632360816001892,1.0
0.25,0.06,4.0,0.6260503530502319,1.0
0.25,0.06,6.0,0.6765671968460083,1.0
0.25,0.06,4.0,0.5740985870361328,1.0
0.25,85.39,7.0,0.5157197117805481,1.0
0.2857142857142857,0.0,9.0,0.08392060548067093,1.0
0.125,0.0,2.0,0.3841165006160736,1.0
0.125,0.0,6.0,0.2669440507888794,1.0
0.16666666666666666,0.0,2.0,0.3076762855052948,1.0
0.14285714285714285,0.0,4.0,0.47315290570259094,1.0
0.5,0.0,2.0,0.22659814357757568,1.0
0.2,0.0,3.0,0.5760224461555481,1.0
0.2,0.0,3.0,0.654140293598175,1.0
0.2,0.0,5.0,0.5044081807136536,1.0
0.5,0.0,8.0,0.7088341116905212,1.0
0.2,0.0,7.0,0.7360842227935791,1.0
0.16666666666666666,0.0,8.0,0.46489259600639343,1.0
0.3333333333333333,68.83,0.0,0.08009479939937592,1.0
0.14285714285714285,68.83,8.0,0.3964391350746155,1.0
0.16666666666666666,0.0,7.0,0.3356883227825165,1.0
0.14285714285714285,68.83,9.0,0.3535931408405304,1.0
0.5,0.0,5.0,0.05533843860030174,1.0
0.14285714285714285,68.83,5.0,0.2395080178976059,1.0
0.3333333333333333,0.0,3.0,0.3535931408405304,1.0
0.25,0.0,8.0,0.39434999227523804,1.0
0.5,68.83,9.0,0.20709198713302612,1.0
0.2,68.83,10.0,0.22129692137241364,1.0
0.2,0.0,10.0,0.3964391350746155,1.0
0.25,68.96,1.0,0.6051950454711914,1.0
0.25,68.83,5.0,0.441489040851593,1.0
0.6666666666666666,68.83,1.0,0.5584701299667358,1.0
0.25,69.29,4.0,0.5835496783256531,1.0
0.25,69.29,3.0,0.514483630657196,1.0
0.25,0.0,2.0,0.5507421493530273,1.0
0.25,69.29,4.0,0.7176960110664368,1.0
0.25,0.0,8.0,0.5041038393974304,1.0
0.25,69.29,4.0,0.6050630807876587,1.0
0.25,61.19,4.0,0.4221797585487366,1.0
0.25,68.83,7.0,0.5398484468460083,1.0
0.25,68.83,8.0,0.6842232346534729,1.0
0.25,68.83,1.0,0.3910909593105316,1.0
0.25,68.83,4.0,0.493472158908844,1.0
0.25,0.0,4.0,0.5800598859786987,1.0
0.25,39.38,6.0,0.4546518325805664,1.0
0.25,18.17,5.0,0.5744707584381104,1.0
0.25,68.83,7.0,0.5075132846832275,1.0
0.25,25.26,2.0,0.5489014387130737,1.0
0.16666666666666666,20.02,9.0,0.14914941787719727,0.0
0.14285714285714285,20.02,4.0,0.27418091893196106,1.0
0.3333333333333333,20.02,3.0,0.36797502636909485,1.0
0.25,20.02,7.0,0.5331749320030212,1.0
0.14285714285714285,20.02,6.0,0.5331749320030212,1.0
0.4,20.02,5.0,0.5331749320030212,1.0
0.5,20.02,8.0,0.4435708522796631,1.0
0.25,20.02,3.0,0.47057077288627625,1.0
0.25,0.0,6.0,0.6962558627128601,1.0
0.25,0.0,3.0,0.7368847727775574,1.0
0.25,20.02,6.0,0.6158490180969238,1.0
0.25,20.02,1.0,0.6838822364807129,1.0
0.25,20.02,10.0,0.5538104772567749,1.0
0.25,20.02,3.0,0.5519485473632812,1.0
0.25,20.02,5.0,0.4780769944190979,1.0
0.25,20.02,0.0,0.5532655715942383,1.0
0.25,20.02,7.0,0.500262975692749,0.0
0.2,0.0,9.0,0.32732000946998596,1.0
0.125,0.0,10.0,0.513964831829071,1.0
0.14285714285714285,0.0,2.0,0.35883358120918274,1.0
0.2,0.0,3.0,0.49006837606430054,1.0
0.2,0.0,4.0,0.6469519734382629,1.0
0.2,0.0,2.0,0.5918134450912476,1.0
0.2,0.0,2.0,0.694094717502594,1.0
0.2,41.26,3.0,0.7991777658462524,1.0
0.2,41.26,1.0,0.724446177482605,1.0
0.2,0.0,1.0,0.6883233189582825,1.0
0.2,0.0,3.0,0.7545011043548584,1.0
0.2,41.26,4.0,0.5011953115463257,0.0
0.2,0.0,4.0,0.3973660469055176,1.0
0.2,41.26,0.0,0.38991081714630127,1.0
0.2,0.0,7.0,0.6332687139511108,1.0
0.5,90.83,4.0,0.5915207266807556,1.0
0.4,92.42,8.0,0.124819315969944,1.0
0.14285714285714285,92.42,10.0,0.2385859489440918,1.0
0.25,92.42,8.0,0.6897711157798767,1.0
0.25,92.42,3.0,0.8339225053787231,1.0
0.25,92.42,8.0,0.5547106266021729,1.0
0.25,92.42,6.0,0.8612409830093384,1.0
0.25,92.42,10.0,0.6274486184120178,1.0
0.3333333333333333,0.0,1.0,0.17167717218399048,1.0
0.3333333333333333,0.0,2.0,0.20325568318367004,1.0
0.2,0.0,0.0,0.35219767689704895,1.0
0.2,0.0,4.0,0.16561706364154816,1.0
0.25,0.0,2.0,0.37920787930488586,1.0
0.25,0.0,2.0,0.7920567393302917,1.0
0.25,0.0,2.0,0.8148522973060608,1.0
0.25,0.0,3.0,0.6999142169952393,1.0
0.25,0.0,8.0,0.5076197981834412,1.0
0.25,89.99,4.0,0.6806567907333374,1.0
0.25,0.0,6.0,0.5320238471031189,1.0
0.25,0.0,3.0,0.7093908786773682,1.0
0.25,0.0,3.0,0.41407322883605957,1.0
0.25,0.0,2.0,0.74558025598526,1.0
0.25,0.0,1.0,0.6029758453369141,1.0
0.16666666666666666,0.0,10.0,0.2776319086551666,1.0
0.16666666666666666,0.0,8.0,0.13889989256858826,1.0
0.25,0.0,10.0,0.13889989256858826,1.0
0.2,0.0,8.0,0.16724714636802673,1.0
0.25,0.0,8.0,0.44443708658218384,1.0
0.14285714285714285,0.0,10.0,0.40117403864860535,1.0
0.25,0.0,8.0,0.5703794360160828,1.0
0.25,0.0,6.0,0.5944567918777466,1.0
0.25,0.0,0.0,0.4419214129447937,1.0
0.6666666666666666,0.0,1.0,0.475466251373291,1.0
0.6666666666666666,20.02,10.0,0.5906321406364441,1.0
0.25,0.0,5.0,0.3900608420372009,1.0
0.6666666666666666,20.02,10.0,0.4127676784992218,1.0
0.25,0.0,7.0,0.5294889211654663,1.0
0.25,0.0,0.0,0.3688121438026428,1.0
0.25,20.02,7.0,0.7074751257896423,1.0
0.25,0.0,6.0,0.5850530862808228,1.0
0.25,0.0,9.0,0.6423783898353577,1.0
0.25,0.0,2.0,0.4975804090499878,1.0
0.25,20.02,10.0,0.6109505891799927,1.0
0.25,20.02,2.0,0.6215684413909912,1.0
0.25,0.0,5.0,0.48809686303138733,1.0
0.25,0.0,0.0,0.760560154914856,1.0
0.25,0.0,0.0,0.49888136982917786,1.0
0.25,0.0,3.0,0.6736444234848022,1.0
0.25,0.0,1.0,0.7622434496879578,1.0
0.25,20.02,5.0,0.6777757406234741,1.0
0.25,0.0,4.0,0.38559573888778687,1.0
0.3333333333333333,0.0,1.0,0.43707966804504395,1.0
0.3333333333333333,0.0,2.0,0.11430824548006058,1.0
0.14285714285714285,0.0,7.0,0.1559993475675583,1.0
0.14285714285714285,0.0,7.0,0.2092089205980301,1.0
0.3333333333333333,0.0,4.0,0.3866311311721802,1.0
0.25,0.0,1.0,0.30459970235824585,1.0
0.16666666666666666,0.0,6.0,0.4192723035812378,1.0
0.25,0.0,6.0,0.7189411520957947,1.0
0.25,78.42,5.0,0.6709941625595093,1.0
0.25,0.0,9.0,0.6206857562065125,1.0
0.25,0.0,5.0,0.4310668408870697,1.0
0.25,0.0,2.0,0.7368038892745972,1.0
0.25,0.0,6.0,0.47864121198654175,1.0
0.25,0.0,10.0,0.5559224486351013,1.0
0.25,0.0,3.0,0.8064405918121338,1.0
0.25,0.0,5.0,0.5681526064872742,1.0
0.3333333333333333,0.0,5.0,0.08584246784448624,1.0
0.14285714285714285,0.0,5.0,0.25850456953048706,1.0
0.2,0.0,0.0,0.2746792733669281,1.0
0.25,0.0,4.0,0.22298577427864075,1.0
0.25,0.0,5.0,0.3853464722633362,1.0
0.25,0.0,9.0,0.2545681595802307,1.0
0.25,0.0,4.0,0.18353669345378876,1.0
0.2,0.0,3.0,0.1849108785390854,1.0
0.5,0.0,7.0,0.08251561224460602,1.0
0.16666666666666666,0.0,4.0,0.1272786557674408,1.0
0.3333333333333333,84.21,10.0,0.3165470063686371,1.0
0.3333333333333333,68.83,2.0,0.20777761936187744,1.0
0.16666666666666666,68.83,10.0,0.20777761936187744,1.0
0.16666666666666666,68.83,10.0,0.3636879324913025,1.0
0.25,68.83,9.0,0.1317804753780365,1.0
1.0,68.83,3.0,0.2382640242576599,1.0
0.3333333333333333,68.83,1.0,0.22298577427864075,1.0
0.14285714285714285,68.83,5.0,0.22298577427864075,1.0
0.16666666666666666,0.0,1.0,0.25361505150794983,1.0
0.5,0.0,2.0,1.0000001192092896,1.0
0.25,0.0,3.0,0.20106060802936554,1.0
0.2,68.83,3.0,0.18177436292171478,1.0
0.25,68.83,9.0,0.2976311445236206,1.0
0.16666666666666666,0.0,8.0,1.0,1.0
0.3333333333333333,0.0,4.0,0.15407760441303253,1.0
0.3333333333333333,0.0,5.0,0.10254927724599838,1.0
0.2,68.83,6.0,0.11795090138912201,1.0
0.2,68.83,9.0,0.15978817641735077,1.0
0.14285714285714285,0.0,3.0,0.15407760441303253,1.0
0.14285714285714285,68.83,0.0,0.4427028000354767,1.0
0.16666666666666666,68.83,3.0,0.12089455127716064,1.0
0.3333333333333333,0.0,8.0,0.15407760441303253,1.0
0.25,68.83,4.0,0.12089455127716064,1.0
0.25,68.83,9.0,0.20688049495220184,1.0
0.25,68.83,4.0,0.16146151721477509,1.0
0.25,0.0,3.0,0.3045695126056671,1.0
0.25,68.83,9.0,0.2657754719257355,1.0
0.25,68.83,10.0,0.2994649112224579,1.0
0.25,69.29,1.0,0.06890097260475159,1.0
0.25,69.29,10.0,0.21315161883831024,1.0
0.25,0.0,10.0,0.29498541355133057,1.0
0.25,25.26,3.0,0.1618419587612152,1.0
0.25,69.29,6.0,0.2621605098247528,1.0
0.25,69.29,9.0,0.21170416474342346,1.0
0.25,68.83,9.0,0.125641867518425,1.0
0.25,68.83,1.0,0.2303888499736786,1.0
0.25,90.38,7.0,0.22299844026565552,1.0
0.25,0.0,7.0,0.3099170923233032,1.0
0.25,68.83,9.0,0.22396014630794525,1.0
0.25,25.26,3.0,0.1663375347852707,1.0
0.25,39.38,10.0,0.3003860116004944,1.0
0.25,18.17,7.0,0.14119738340377808,1.0
0.3333333333333333,0.0,8.0,0.2749441862106323,1.0
0.25,0.0,3.0,0.13713997602462769,1.0
0.25,0.0,5.0,0.2173226773738861,1.0
0.25,0.0,7.0,0.1392887681722641,1.0
0.25,0.0,8.0,0.177440345287323,1.0
0.25,0.0,10.0,0.285776823759079,1.0
0.25,0.0,7.0,0.21448315680027008,1.0
0.25,0.0,6.0,0.11225821077823639,1.0
0.2857142857142857,0.0,0.0,0.12357107549905777,1.0
0.2,0.0,10.0,0.09179040044546127,1.0
0.2,0.0,6.0,0.2782920300960541,1.0
0.2,0.0,1.0,0.2250649631023407,1.0
0.2,0.0,10.0,0.3111642897129059,1.0
0.2,0.0,2.0,0.10185496509075165,1.0
0.2,0.0,6.0,0.24965660274028778,1.0
0.16666666666666666,0.0,1.0,0.20777761936187744,1.0
0.1111111111111111,0.0,2.0,0.16374436020851135,1.0
0.14285714285714285,0.0,10.0,0.202712744474411,0.0
0.2857142857142857,0.0,6.0,0.2382640242576599,1.0
0.2222222222222222,0.0,3.0,0.22298577427864075,1.0
0.1,0.0,9.0,0.3636879324913025,0.0
0.125,0.0,5.0,0.22298577427864075,1.0
0.14285714285714285,0.0,10.0,0.4346431493759155,1.0
0.14285714285714285,0.0,8.0,0.21281658113002777,1.0
0.16666666666666666,0.0,1.0,0.18472178280353546,1.0
0.1111111111111111,0.0,3.0,0.25240737199783325,1.0
0.2857142857142857,0.0,4.0,0.0959070473909378,1.0
0.16666666666666666,0.0,6.0,0.2749441862106323,1.0
0.16666666666666666,0.0,8.0,0.19664227962493896,0.0
0.16666666666666666,41.26,10.0,0.11842972040176392,1.0
0.16666666666666666,41.26,0.0,0.18498213589191437,1.0
0.09090909090909091,0.0,8.0,0.2493066042661667,1.0
0.2,0.0,9.0,0.07056452333927155,1.0
0.09090909090909091,0.0,2.0,0.21056914329528809,1.0
0.125,0.0,1.0,0.11180928349494934,1.0
0.125,0.0,10.0,0.36394447088241577,1.0
0.2857142857142857,0.0,8.0,0.06620518863201141,1.0
0.125,0.0,4.0,0.13453824818134308,1.0
0.125,0.0,8.0,0.3083604872226715,1.0
0.2857142857142857,0.0,4.0,0.17547109723091125,1.0
0.125,0.0,1.0,0.1776842325925827,1.0
0.125,0.0,1.0,0.05023190379142761,1.0
0.125,0.0,0.0,0.13521906733512878,1.0
0.2857142857142857,0.0,9.0,0.39330559968948364,1.0
0.3333333333333333,68.83,1.0,0.17550882697105408,1.0
0.16666666666666666,0.0,3.0,0.25850456953048706,1.0
0.16666666666666666,0.0,1.0,0.29286640882492065,1.0
0.2,0.0,2.0,0.2794781029224396,1.0
0.1111111111111111,68.83,8.0,0.11859281361103058,1.0
0.375,0.0,4.0,0.226146399974823,1.0
0.16666666666666666,0.0,9.0,0.11859281361103058,1.0
0.14285714285714285,0.0,1.0,0.2201949805021286,1.0
0.1,0.0,8.0,0.07056452333927155,0.0
0.14285714285714285,0.0,8.0,0.11795090138912201,1.0
0.2,0.0,3.0,0.12089455127716064,1.0
0.16666666666666666,0.0,6.0,0.20777761936187744,1.0
0.1111111111111111,0.0,4.0,0.12545032799243927,1.0
0.1111111111111111,0.0,5.0,0.15761269629001617,1.0
0.1111111111111111,0.0,8.0,0.226146399974823,1.0
0.125,68.83,2.0,0.11795090138912201,1.0
0.2857142857142857,68.83,1.0,0.15978817641735077,1.0
0.1,0.0,5.0,0.15407760441303253,1.0
0.1111111111111111,68.83,8.0,0.07056452333927155,1.0
0.16666666666666666,68.83,10.0,0.2503111958503723,1.0
0.14285714285714285,68.83,8.0,0.07056452333927155,1.0
0.2,68.83,10.0,0.15978817641735077,1.0
0.125,68.83,7.0,0.12836416065692902,0.0
0.14285714285714285,69.26,8.0,0.16983236372470856,1.0
0.14285714285714285,68.96,9.0,0.16999822854995728,0.0
0.14285714285714285,68.83,1.0,0.20688049495220184,1.0
0.14285714285714285,0.0,3.0,0.037259310483932495,1.0
0.14285714285714285,90.38,10.0,0.18831615149974823,0.0
0.16666666666666666,68.83,4.0,0.2449951469898224,1.0
0.14285714285714285,68.83,1.0,0.11642805486917496,1.0
0.14285714285714285,68.83,1.0,0.19568736851215363,1.0
0.6,68.83,5.0,0.24803447723388672,1.0
0.14285714285714285,68.83,6.0,0.31628626585006714,1.0
0.14285714285714285,68.83,2.0,0.2994649112224579,1.0
0.14285714285714285,68.83,2.0,0.3092997372150421,1.0
0.14285714285714285,69.29,1.0,0.22457656264305115,1.0
0.14285714285714285,0.0,4.0,0.2805756628513336,1.0
0.14285714285714285,69.29,6.0,0.23036593198776245,1.0
0.14285714285714285,0.0,5.0,0.29711878299713135,1.0
0.14285714285714285,0.0,6.0,0.14761081337928772,1.0
0.14285714285714285,69.29,2.0,0.21315161883831024,1.0
0.14285714285714285,69.29,6.0,0.16633453965187073,1.0
0.14285714285714285,68.83,3.0,0.0831063911318779,1.0
0.14285714285714285,0.0,6.0,0.19850614666938782,1.0
0.14285714285714285,68.83,3.0,0.14510200917720795,1.0
0.14285714285714285,0.0,2.0,0.29498541355133057,1.0
0.14285714285714285,68.83,1.0,0.14182139933109283,1.0
0.14285714285714285,0.0,6.0,0.16941538453102112,1.0
0.14285714285714285,68.83,8.0,0.28525739908218384,1.0
0.14285714285714285,0.0,1.0,0.011000019498169422,1.0
0.14285714285714285,90.38,2.0,0.4014364778995514,1.0
0.14285714285714285,61.19,6.0,0.11712253838777542,1.0
0.14285714285714285,90.38,10.0,0.16534942388534546,0.0
0.14285714285714285,69.29,1.0,0.10977265983819962,1.0
0.14285714285714285,61.19,5.0,0.2591119408607483,1.0
0.14285714285714285,0.0,3.0,0.3062744736671448,1.0
0.14285714285714285,61.19,8.0,0.10306806862354279,1.0
0.14285714285714285,69.29,1.0,0.21170416474342346,1.0
0.14285714285714285,69.29,4.0,0.14996299147605896,1.0
0.14285714285714285,0.0,6.0,0.2876214385032654,1.0
0.14285714285714285,61.19,6.0,0.2499953955411911,1.0
0.14285714285714285,69.29,2.0,0.1806277632713318,1.0
0.14285714285714285,68.83,4.0,0.14485999941825867,1.0
0.14285714285714285,68.83,1.0,0.125641867518425,1.0
0.14285714285714285,0.0,3.0,0.17443497478961945,1.0
0.14285714285714285,68.83,5.0,0.13287131488323212,1.0
0.14285714285714285,68.83,4.0,0.17148232460021973,1.0
0.14285714285714285,68.83,6.0,0.11569421738386154,1.0
0.14285714285714285,68.83,1.0,0.17325781285762787,1.0
0.14285714285714285,68.83,4.0,0.22932665050029755,1.0
0.14285714285714285,90.38,1.0,0.22299844026565552,1.0
0.14285714285714285,68.83,1.0,0.22112609446048737,1.0
0.14285714285714285,0.0,1.0,0.3099170923233032,1.0
0.14285714285714285,0.0,0.0,0.23154300451278687,1.0
0.14285714285714285,0.0,1.0,0.17049622535705566,1.0
0.14285714285714285,25.26,9.0,0.1705726683139801,0.0
0.14285714285714285,61.19,1.0,0.39812493324279785,1.0
0.14285714285714285,18.17,2.0,0.1574847251176834,1.0
0.14285714285714285,0.0,3.0,0.286699116230011,1.0
0.14285714285714285,25.26,5.0,0.1663375347852707,1.0
0.14285714285714285,90.38,4.0,0.167759507894516,1.0
0.14285714285714285,39.38,2.0,0.3003860116004944,1.0
0.14285714285714285,18.17,1.0,0.14119738340377808,1.0
0.16666666666666666,0.0,2.0,0.17637936770915985,1.0
0.5,0.0,2.0,0.012749073095619678,1.0
0.5,0.0,2.0,0.9999998807907104,1.0
0.25,41.26,8.0,0.18363261222839355,1.0
0.25,41.26,7.0,0.19779865443706512,1.0
0.6666666666666666,41.26,3.0,0.15415450930595398,1.0
0.25,41.26,1.0,0.21175061166286469,1.0
0.25,41.26,5.0,0.1708427369594574,0.0
0.25,90.83,0.0,0.13901740312576294,1.0
0.25,0.0,9.0,0.11859281361103058,1.0
0.2,0.0,7.0,0.10254927724599838,1.0
0.25,0.0,6.0,0.16135942935943604,1.0
0.4,68.83,2.0,0.3195837438106537,1.0
0.1111111111111111,0.0,1.0,0.262641578912735,1.0
0.125,68.83,0.0,0.3195837438106537,1.0
0.1111111111111111,68.83,7.0,0.21223407983779907,1.0
0.1111111111111111,68.83,6.0,0.16297011077404022,1.0
0.125,0.0,10.0,0.9999999403953552,1.0
0.1111111111111111,0.0,3.0,0.16770610213279724,1.0
0.3333333333333333,68.83,9.0,0.20757517218589783,1.0
0.16666666666666666,0.0,0.0,0.2719154357910156,1.0
0.14285714285714285,68.83,6.0,0.34157127141952515,1.0
0.14285714285714285,0.0,10.0,0.25125524401664734,1.0
0.14285714285714285,0.69,6.0,0.2714199721813202,1.0
0.3333333333333333,68.83,9.0,0.20255404710769653,1.0
0.14285714285714285,68.83,3.0,0.24523906409740448,1.0
0.3333333333333333,0.0,9.0,0.2050275355577469,1.0
0.14285714285714285,68.83,5.0,0.29985231161117554,1.0
0.14285714285714285,68.83,3.0,0.3217878043651581,1.0
0.14285714285714285,0.69,9.0,0.30505189299583435,1.0
0.14285714285714285,68.83,6.0,0.17392702400684357,1.0
0.14285714285714285,0.0,10.0,0.23450911045074463,1.0
0.14285714285714285,0.69,4.0,0.23008190095424652,1.0
0.14285714285714285,0.69,7.0,0.200623020529747,1.0
0.14285714285714285,0.0,7.0,0.2316567450761795,1.0
0.14285714285714285,0.0,6.0,0.3297688364982605,1.0
0.14285714285714285,0.0,0.0,0.4482024312019348,1.0
0.3333333333333333,93.73,2.0,0.24659541249275208,1.0
0.14285714285714285,99.64,8.0,0.30217382311820984,1.0
0.14285714285714285,86.98,9.0,0.2553091049194336,1.0
0.14285714285714285,0.0,7.0,0.3250391185283661,1.0
0.1111111111111111,0.0,2.0,0.3790924847126007,1.0
0.1,0.0,5.0,0.13060028851032257,1.0
0.2222222222222222,0.0,9.0,0.09677108377218246,1.0
0.125,0.0,0.0,1.0,1.0
0.14285714285714285,0.0,2.0,0.13765868544578552,1.0
0.14285714285714285,0.0,0.0,0.16327178478240967,1.0
0.14285714285714285,0.0,10.0,0.19151173532009125,1.0
0.14285714285714285,0.0,4.0,0.10675773024559021,1.0
0.14285714285714285,0.0,6.0,0.1736636906862259,0.0
0.14285714285714285,0.0,9.0,0.22341381013393402,0.0
0.14285714285714285,0.0,3.0,0.17103327810764313,1.0
0.14285714285714285,0.0,6.0,0.2677639126777649,1.0
0.14285714285714285,0.0,6.0,0.11234084516763687,1.0
0.14285714285714285,0.0,0.0,0.22297704219818115,0.0
0.14285714285714285,0.0,4.0,0.09841040521860123,1.0
0.14285714285714285,20.02,6.0,0.16287782788276672,1.0
0.14285714285714285,0.0,8.0,0.20983712375164032,1.0
0.14285714285714285,0.0,1.0,0.15248706936836243,1.0
0.14285714285714285,20.02,3.0,0.1118757575750351,1.0
0.14285714285714285,20.02,3.0,0.13006940484046936,1.0
0.14285714285714285,0.0,10.0,0.05991892144083977,1.0
0.1,0.0,7.0,0.41390272974967957,1.0
0.14285714285714285,0.0,5.0,0.13841228187084198,1.0
0.125,0.0,2.0,0.3790924847126007,1.0
0.14285714285714285,0.0,2.0,0.2666490375995636,1.0
0.14285714285714285,0.0,4.0,0.21785730123519897,1.0
0.3333333333333333,0.0,10.0,0.2369583696126938,1.0
0.14285714285714285,0.0,1.0,0.12317193299531937,1.0
0.14285714285714285,20.02,0.0,0.21216849982738495,1.0
0.14285714285714285,20.02,0.0,0.054261982440948486,1.0
0.14285714285714285,0.0,1.0,0.2697373628616333,1.0
0.14285714285714285,0.0,4.0,0.19359010457992554,1.0
0.14285714285714285,0.0,2.0,0.10237588733434677,0.0
0.14285714285714285,20.02,0.0,0.27712973952293396,1.0
0.14285714285714285,20.02,8.0,0.2451549470424652,1.0
0.14285714285714285,0.0,5.0,0.10051877796649933,1.0
0.14285714285714285,0.0,10.0,0.3535800874233246,1.0
0.14285714285714285,20.02,10.0,0.12232407182455063,1.0
0.5,0.0,9.0,0.08326121419668198,1.0
0.3333333333333333,68.83,9.0,0.1849108785390854,1.0
0.14285714285714285,68.83,0.0,0.9999998807907104,1.0
0.5,68.83,10.0,0.1272786557674408,1.0
0.14285714285714285,0.0,7.0,0.9999998807907104,1.0
0.14285714285714285,68.83,4.0,0.17637936770915985,1.0
0.25,68.83,0.0,0.25240737199783325,1.0
0.2,0.0,1.0,0.5666634440422058,1.0
0.25,68.83,8.0,0.3533604145050049,1.0
0.25,0.0,7.0,0.3446750044822693,1.0
0.25,69.29,6.0,0.3335392475128174,1.0
0.25,69.29,5.0,0.5434650778770447,1.0
0.25,25.26,7.0,0.43818333745002747,1.0
0.25,69.29,5.0,0.33059653639793396,1.0
0.25,69.29,10.0,0.3087332546710968,1.0
0.25,0.0,0.0,0.1933804750442505,1.0
0.25,0.0,9.0,0.3352072536945343,1.0
0.25,68.83,3.0,0.29768577218055725,1.0
0.25,25.26,7.0,0.4185253083705902,1.0
0.125,0.0,4.0,0.1849108785390854,1.0
0.1111111111111111,0.0,1.0,0.08584246784448624,1.0
0.1111111111111111,0.0,9.0,0.08584246784448624,1.0
0.14285714285714285,0.0,9.0,0.08326121419668198,1.0
0.125,0.0,0.0,0.23412731289863586,1.0
0.125,0.0,10.0,0.25240737199783325,1.0
0.25,0.0,6.0,0.23412731289863586,1.0
0.2222222222222222,0.0,7.0,0.4453284740447998,1.0
0.125,0.0,1.0,0.1306033581495285,1.0
0.2222222222222222,0.0,4.0,0.05205772444605827,1.0
0.1111111111111111,0.0,3.0,0.16374436020851135,1.0
0.1111111111111111,0.0,0.0,0.0148143470287323,1.0
0.125,0.0,8.0,0.0148143470287323,1.0
0.2222222222222222,0.0,0.0,0.13841228187084198,1.0
0.14285714285714285,0.0,0.0,0.08447672426700592,1.0
0.14285714285714285,0.0,3.0,0.16963785886764526,1.0
0.1111111111111111,68.83,8.0,0.1456751972436905,1.0
0.25,68.83,3.0,0.24033206701278687,1.0
0.2,0.0,4.0,0.0959070473909378,1.0
0.1,68.83,4.0,0.22532835602760315,1.0
0.2857142857142857,0.0,3.0,0.5666634440422058,1.0
0.1,0.0,3.0,0.9999999403953552,1.0
0.375,68.83,8.0,0.5666634440422058,1.0
0.16666666666666666,68.83,0.0,0.1456751972436905,1.0
0.1111111111111111,68.83,8.0,0.1634167581796646,0.0
0.1,68.83,3.0,0.5666634440422058,1.0
0.1,0.0,0.0,0.18313241004943848,1.0
0.14285714285714285,68.83,10.0,0.0959070473909378,1.0
0.25,0.0,3.0,0.0959070473909378,1.0
0.3333333333333333,0.0,0.0,0.04312128946185112,1.0
0.14285714285714285,0.0,5.0,0.18313241004943848,1.0
0.14285714285714285,0.13,1.0,0.3407585024833679,1.0
0.14285714285714285,0.13,5.0,0.3409520089626312,1.0
0.14285714285714285,0.0,4.0,0.35169973969459534,1.0
0.14285714285714285,68.83,3.0,0.3970392048358917,1.0
0.14285714285714285,0.0,9.0,0.5202333927154541,1.0
0.14285714285714285,0.0,6.0,0.418991357088089,1.0
0.14285714285714285,0.69,9.0,0.4456830620765686,1.0
0.14285714285714285,68.83,3.0,0.40268418192863464,1.0
0.14285714285714285,0.69,10.0,0.3250333368778229,1.0
0.14285714285714285,68.83,10.0,0.23219415545463562,1.0
0.14285714285714285,68.83,8.0,0.3285389244556427,0.0
0.14285714285714285,0.69,7.0,0.3802746832370758,1.0
0.14285714285714285,0.69,10.0,0.34900572896003723,1.0
0.14285714285714285,0.0,9.0,0.34260037541389465,1.0
0.3333333333333333,68.83,5.0,0.28810128569602966,1.0
0.3333333333333333,0.0,2.0,0.4004177749156952,1.0
0.14285714285714285,0.0,8.0,0.35967591404914856,1.0
0.14285714285714285,0.0,9.0,0.5107169151306152,1.0
0.14285714285714285,68.83,9.0,0.3562065362930298,1.0
0.14285714285714285,86.98,10.0,0.3982890248298645,1.0
0.3333333333333333,99.64,10.0,0.35680103302001953,1.0
0.16666666666666666,0.0,7.0,0.24703696370124817,1.0
0.5,0.0,6.0,0.18240691721439362,1.0
0.3333333333333333,0.0,1.0,0.39645296335220337,1.0
0.3333333333333333,0.0,1.0,0.29304948449134827,1.0
0.3333333333333333,0.0,0.0,0.3973996341228485,1.0
0.3333333333333333,0.0,5.0,0.350018709897995,1.0
0.3333333333333333,0.0,4.0,0.24433749914169312,1.0
0.3333333333333333,0.0,5.0,0.20633438229560852,1.0
0.2857142857142857,0.0,7.0,0.04946679621934891,1.0
0.09090909090909091,0.0,1.0,0.12836416065692902,1.0
0.09090909090909091,0.0,10.0,0.1306033581495285,0.0
0.125,0.0,1.0,0.1306033581495285,1.0
0.14285714285714285,0.0,8.0,0.1930633932352066,0.0
0.25,0.0,5.0,0.1941075176000595,1.0
0.1111111111111111,0.0,9.0,0.08584246784448624,0.0
0.2857142857142857,0.0,9.0,0.16374436020851135,1.0
0.125,0.0,0.0,0.12999458611011505,1.0
0.125,0.0,4.0,0.10262948274612427,1.0
0.125,0.0,4.0,0.18151582777500153,1.0
0.125,0.0,9.0,0.1370716392993927,1.0
0.2857142857142857,0.0,9.0,0.15071888267993927,1.0
0.125,0.0,4.0,0.09273427724838257,1.0
0.125,0.0,1.0,0.2133723944425583,1.0
0.125,0.0,6.0,0.07978309690952301,1.0
0.16666666666666666,0.0,1.0,0.14162778854370117,1.0
0.2,0.0,4.0,0.1687447726726532,1.0
0.2857142857142857,0.0,2.0,0.326663613319397,1.0
0.2,0.0,7.0,0.20660406351089478,1.0
0.2,0.0,8.0,0.3914349675178528,1.0
0.2,20.02,4.0,0.40398409962654114,1.0
0.2,0.0,10.0,0.18100231885910034,1.0
0.2,20.02,5.0,0.21110068261623383,1.0
0.2,20.02,7.0,0.33050766587257385,1.0
0.2,0.0,9.0,0.3172248303890228,1.0
0.2,0.0,8.0,0.34613123536109924,1.0
0.3333333333333333,0.0,1.0,0.21898625791072845,1.0
0.14285714285714285,0.0,8.0,0.26730966567993164,1.0
0.14285714285714285,0.0,4.0,0.5063793659210205,1.0
0.14285714285714285,0.0,10.0,0.21898625791072845,1.0
0.16666666666666666,0.0,7.0,0.5063793659210205,1.0
0.25,0.0,5.0,0.28916582465171814,1.0
0.25,78.42,4.0,0.283760666847229,1.0
0.25,0.0,4.0,0.44722211360931396,1.0
0.25,0.0,8.0,0.4431145489215851,1.0
0.25,78.42,8.0,0.21482190489768982,1.0
0.25,0.0,1.0,0.3561268150806427,1.0
0.25,78.42,6.0,0.42994949221611023,1.0
0.09090909090909091,0.0,9.0,0.18472178280353546,1.0
0.3333333333333333,0.0,8.0,0.02173640951514244,1.0
0.2,0.0,5.0,0.21548499166965485,1.0
0.2,0.0,9.0,0.02173640951514244,1.0
0.125,0.0,1.0,0.24819640815258026,1.0
0.14285714285714285,0.0,6.0,0.1317804753780365,0.0
0.125,0.0,1.0,0.08251561224460602,0.0
0.09090909090909091,0.0,5.0,0.10065587610006332,1.0
0.1111111111111111,0.0,5.0,0.06091359630227089,0.0
0.2222222222222222,0.0,8.0,0.21548499166965485,0.0
0.125,0.0,4.0,0.12669683992862701,1.0
0.125,0.0,2.0,0.1900782734155655,1.0
0.125,78.42,3.0,0.025180721655488014,0.0
0.125,0.0,5.0,0.18966107070446014,0.0
0.125,0.0,9.0,0.2194833904504776,1.0
0.2857142857142857,0.0,7.0,0.21676942706108093,1.0
0.125,0.0,2.0,0.18384121358394623,1.0
0.125,0.0,4.0,0.15174762904644012,0.0
0.125,78.42,9.0,0.27103549242019653,0.0
0.125,0.0,8.0,0.15296809375286102,0.0
0.125,0.0,3.0,0.09537755697965622,1.0
0.125,0.0,2.0,0.14750979840755463,1.0
0.125,0.0,0.0,0.22268714010715485,1.0
0.125,0.0,10.0,0.1748204231262207,0.0
0.125,0.0,5.0,0.12616275250911713,0.0
0.125,0.0,10.0,0.17351309955120087,0.0
0.125,0.0,3.0,0.30567851662635803,0.0
0.125,0.0,9.0,0.1661606729030609,0.0
0.125,0.0,5.0,0.0073587242513895035,0.0
0.2857142857142857,78.42,7.0,0.19743134081363678,1.0
0.25,0.0,5.0,0.1687447726726532,1.0
0.2,0.0,8.0,0.36027470231056213,1.0
0.25,0.0,1.0,0.2795499265193939,1.0
0.2,0.0,7.0,0.37731072306632996,1.0
0.2,0.0,1.0,0.3705466687679291,1.0
0.2,0.0,2.0,0.31504398584365845,1.0
0.14285714285714285,0.0,1.0,0.10065587610006332,1.0
0.14285714285714285,68.83,9.0,0.1843457967042923,0.0
0.2,68.83,3.0,0.191083163022995,1.0
0.1,0.0,0.0,0.1849108785390854,1.0
0.2222222222222222,0.0,8.0,0.0033639641478657722,1.0
0.16666666666666666,0.0,8.0,1.0,1.0
0.125,68.83,2.0,0.02294214256107807,1.0
0.16666666666666666,0.0,9.0,0.1849108785390854,0.0
0.25,0.0,0.0,0.10065587610006332,1.0
0.2,68.83,1.0,0.004655442666262388,1.0
0.1111111111111111,68.83,8.0,0.0033639641478657722,1.0
0.16666666666666666,68.83,4.0,0.09677108377218246,1.0
0.14285714285714285,68.83,8.0,0.0033639641478657722,1.0
0.14285714285714285,0.0,5.0,0.2538367211818695,1.0
0.2,0.0,4.0,0.07320864498615265,1.0
0.14285714285714285,68.83,4.0,0.10887724161148071,1.0
0.14285714285714285,68.96,2.0,0.282578706741333,1.0
0.14285714285714285,0.0,8.0,0.22711952030658722,1.0
0.14285714285714285,68.83,9.0,0.1500120908021927,1.0
0.14285714285714285,0.0,5.0,0.06058799475431442,1.0
0.14285714285714285,68.83,1.0,0.14977270364761353,1.0
0.14285714285714285,0.0,8.0,0.15674728155136108,0.0
0.14285714285714285,68.83,2.0,0.2909093499183655,0.0
0.14285714285714285,68.83,1.0,0.12029152363538742,1.0
0.3333333333333333,68.83,6.0,0.15892112255096436,1.0
0.14285714285714285,68.83,2.0,0.1539577841758728,1.0
0.14285714285714285,0.0,6.0,0.11190054565668106,0.0
0.14285714285714285,69.29,7.0,0.12383431941270828,0.0
0.14285714285714285,68.83,3.0,0.17175453901290894,1.0
0.14285714285714285,0.0,3.0,0.21772834658622742,0.0
0.14285714285714285,61.19,7.0,0.20263126492500305,1.0
0.14285714285714285,90.38,2.0,0.123337522149086,1.0
0.14285714285714285,69.29,7.0,0.09011451154947281,0.0
0.14285714285714285,0.0,5.0,0.1045868843793869,1.0
0.14285714285714285,61.19,6.0,0.09128005057573318,1.0
0.14285714285714285,69.29,1.0,0.18001200258731842,1.0
0.14285714285714285,0.0,0.0,0.3534527122974396,0.0
0.14285714285714285,69.29,7.0,0.1049794852733612,1.0
0.3333333333333333,0.0,3.0,0.2154761403799057,1.0
0.3333333333333333,61.19,1.0,0.08684341609477997,1.0
0.14285714285714285,69.29,1.0,0.19054849445819855,1.0
0.14285714285714285,61.19,6.0,0.2395574152469635,1.0
0.14285714285714285,69.29,2.0,0.23563632369041443,1.0
0.14285714285714285,68.83,9.0,0.07348914444446564,0.0
0.3333333333333333,68.83,7.0,0.25472480058670044,1.0
0.14285714285714285,68.83,1.0,0.20611576735973358,1.0
0.14285714285714285,0.0,3.0,0.28299134969711304,1.0
0.14285714285714285,90.38,1.0,0.395985871553421,1.0
0.3333333333333333,68.83,1.0,0.1362210214138031,1.0
0.14285714285714285,68.83,1.0,0.12477049231529236,1.0
0.14285714285714285,90.38,0.0,0.08978918194770813,1.0
0.14285714285714285,68.83,4.0,0.12631864845752716,0.0
0.14285714285714285,90.38,4.0,0.19273750483989716,1.0
0.14285714285714285,39.38,2.0,0.16415046155452728,1.0
0.09090909090909091,0.0,4.0,0.13713997602462769,1.0
0.2,0.0,0.0,0.0148143470287323,1.0
0.125,0.0,10.0,0.17680281400680542,0.0
0.2,0.0,4.0,0.13060028851032257,1.0
0.1,0.0,5.0,0.17688621580600739,1.0
0.1,0.0,1.0,0.13713997602462769,1.0
0.125,0.0,6.0,0.2572398781776428,1.0
0.125,0.0,5.0,0.3586156368255615,1.0
0.125,0.0,1.0,0.33416250348091125,1.0
0.125,0.0,3.0,0.17425239086151123,1.0
0.125,0.0,10.0,0.1657782793045044,1.0
0.125,0.0,5.0,0.17593099176883698,1.0
0.125,0.0,7.0,0.33973875641822815,1.0
0.125,0.0,6.0,0.3370431959629059,1.0
0.125,0.0,7.0,0.20491935312747955,0.0
0.125,0.0,1.0,0.06892025470733643,1.0
0.125,0.0,7.0,0.18891814351081848,1.0
0.125,0.0,1.0,0.2636137008666992,1.0
0.125,0.0,3.0,0.3642868101596832,1.0
0.125,0.0,4.0,0.20861616730690002,1.0
0.125,0.0,7.0,0.031204907223582268,1.0
0.125,0.0,4.0,0.32782334089279175,1.0
0.125,78.42,2.0,0.1464216262102127,1.0
0.125,0.0,6.0,0.20119193196296692,1.0
0.125,78.42,2.0,0.20518086850643158,1.0
0.2222222222222222,68.83,0.0,0.24033206701278687,1.0
0.1,68.83,1.0,0.25850456953048706,1.0
0.1,68.83,3.0,0.29286640882492065,1.0
0.14285714285714285,68.83,3.0,0.21056914329528809,0.0
0.14285714285714285,68.83,1.0,0.2794781029224396,1.0
0.2,68.83,1.0,0.3593233823776245,1.0
0.125,0.0,2.0,0.24033206701278687,1.0
0.14285714285714285,68.96,2.0,0.4450957477092743,1.0
0.14285714285714285,68.96,8.0,0.44231826066970825,1.0
0.14285714285714285,68.96,9.0,0.5759277939796448,1.0
0.14285714285714285,68.83,10.0,0.47914913296699524,1.0
0.3333333333333333,68.83,9.0,0.4730958938598633,1.0
0.14285714285714285,69.29,5.0,0.48059022426605225,1.0
0.14285714285714285,69.29,4.0,0.35838496685028076,1.0
0.14285714285714285,0.0,10.0,0.3389100432395935,1.0
0.14285714285714285,25.26,6.0,0.4399331510066986,1.0
0.14285714285714285,25.26,0.0,0.35432252287864685,1.0
0.14285714285714285,90.38,1.0,0.42703157663345337,1.0
0.14285714285714285,69.29,10.0,0.5084879994392395,1.0
0.14285714285714285,0.0,8.0,0.4999970495700836,1.0
0.14285714285714285,68.83,7.0,0.3939407169818878,1.0
0.14285714285714285,68.83,5.0,0.49736833572387695,1.0
0.14285714285714285,25.26,6.0,0.38695305585861206,1.0
0.14285714285714285,0.0,7.0,0.16770610213279724,1.0
0.14285714285714285,0.0,2.0,0.2170918583869934,1.0
0.14285714285714285,0.0,4.0,0.2749441862106323,1.0
0.125,0.0,2.0,0.20870079100131989,1.0
0.14285714285714285,0.0,1.0,0.07056452333927155,1.0
0.2,0.0,3.0,0.20870079100131989,1.0
0.2,0.0,2.0,0.3228931128978729,1.0
0.2,0.0,2.0,0.20173412561416626,1.0
0.2,0.0,2.0,0.30556902289390564,1.0
0.2,0.0,4.0,0.13551586866378784,1.0
0.2,0.0,6.0,0.2515312731266022,1.0
0.2,0.0,9.0,0.18681608140468597,1.0
0.2,0.0,8.0,0.22785824537277222,1.0
0.2,0.0,4.0,0.05557449162006378,1.0
0.2,0.0,4.0,0.1196025162935257,1.0
0.2,0.0,9.0,0.27152392268180847,1.0
0.2,0.0,4.0,0.22640778124332428,1.0
0.2,92.42,2.0,0.25809967517852783,1.0
0.2,0.0,10.0,0.17365862429141998,1.0
0.2,0.0,2.0,0.24787932634353638,1.0
0.2,0.0,6.0,0.21159768104553223,1.0
0.2,0.0,2.0,0.1531420648097992,1.0
0.2,92.42,3.0,0.3875369727611542,1.0
0.25,0.0,6.0,0.2382640242576599,1.0
0.2,0.0,1.0,0.16076727211475372,1.0
0.25,0.0,5.0,0.2382640242576599,1.0
0.2,0.0,0.0,1.0,1.0
0.16666666666666666,0.0,2.0,0.34401363134384155,1.0
0.16666666666666666,0.0,6.0,0.5295562744140625,1.0
0.16666666666666666,0.0,8.0,0.38108935952186584,1.0
0.125,0.0,1.0,0.15352676808834076,1.0
0.16666666666666666,0.0,6.0,0.9999999403953552,1.0
0.2222222222222222,0.0,6.0,0.13841228187084198,1.0
0.2222222222222222,0.0,2.0,0.2152465134859085,1.0
0.1111111111111111,0.0,5.0,0.41390272974967957,0.0
0.1,0.0,5.0,0.09185002744197845,1.0
0.25,0.0,7.0,0.2264806181192398,1.0
0.125,0.0,3.0,0.24703696370124817,1.0
0.2,0.0,9.0,0.28971612453460693,1.0
0.2,0.0,6.0,0.349403440952301,1.0
0.2,0.0,1.0,0.21055923402309418,1.0
0.2,0.0,6.0,0.2242370992898941,1.0
0.2,0.0,3.0,0.21412980556488037,1.0
0.2,0.0,4.0,0.317169189453125,1.0
0.2,0.0,1.0,0.3402314782142639,1.0
0.2,0.0,4.0,0.27554115653038025,1.0
0.2,0.0,1.0,0.2790219485759735,1.0
0.2,0.0,4.0,0.2962662875652313,1.0
0.2,78.42,3.0,0.31359949707984924,1.0
0.2,0.0,10.0,0.414956659078598,1.0
0.2,0.0,5.0,0.24582339823246002,1.0
0.2,0.0,7.0,0.5050536394119263,1.0
0.2,0.0,4.0,0.056857265532016754,1.0
0.2,78.42,6.0,0.21886375546455383,1.0
0.5,0.0,8.0,0.24795962870121002,1.0
0.2,78.42,1.0,0.37304413318634033,1.0
0.25,0.0,1.0,0.22192902863025665,1.0
0.14285714285714285,0.0,5.0,0.31185677647590637,1.0
0.125,0.0,4.0,0.17688621580600739,1.0
0.16666666666666666,0.01,7.0,0.306267112493515,1.0
0.16666666666666666,0.01,9.0,0.4021857976913452,1.0
0.25,0.0,7.0,0.25240737199783325,1.0
0.2,68.83,4.0,0.18472178280353546,1.0
0.16666666666666666,68.83,1.0,0.25240737199783325,1.0
0.16666666666666666,0.0,4.0,0.07278282195329666,1.0
0.3333333333333333,68.83,6.0,1.0,1.0
0.2,0.0,7.0,1.0,1.0
0.3333333333333333,0.0,9.0,0.07278282195329666,1.0
0.3333333333333333,0.69,5.0,0.0413489043712616,1.0
0.3333333333333333,68.83,1.0,0.11417075246572495,1.0
0.3333333333333333,68.83,9.0,0.08367381244897842,1.0
0.3333333333333333,0.0,7.0,0.20291823148727417,1.0
0.3333333333333333,68.83,7.0,0.05857707932591438,1.0
0.3333333333333333,68.83,4.0,0.18038275837898254,1.0
0.3333333333333333,0.0,8.0,0.01883373036980629,1.0
0.3333333333333333,0.0,5.0,0.09540852159261703,1.0
0.3333333333333333,68.83,5.0,0.20114296674728394,1.0
0.125,0.0,5.0,0.30925142765045166,1.0
0.16666666666666666,0.0,5.0,0.30190226435661316,1.0
0.16666666666666666,0.0,1.0,0.4452486038208008,1.0
0.16666666666666666,0.0,6.0,0.34557390213012695,1.0
0.16666666666666666,0.0,5.0,0.17904789745807648,1.0
0.4,0.0,8.0,0.41548988223075867,1.0
0.16666666666666666,0.0,5.0,0.37671366333961487,1.0
0.16666666666666666,0.0,4.0,0.24549353122711182,1.0
0.16666666666666666,0.0,3.0,0.4113059341907501,1.0
0.16666666666666666,0.0,9.0,0.39742377400398254,0.0
0.16666666666666666,0.0,7.0,0.3382411599159241,1.0
0.16666666666666666,0.0,4.0,0.4344082772731781,1.0
0.16666666666666666,0.0,4.0,0.10065587610006332,1.0
0.1111111111111111,0.0,4.0,0.3790924847126007,1.0
0.1,0.0,1.0,0.02294214256107807,1.0
0.2222222222222222,0.0,2.0,0.004655442666262388,1.0
0.2,0.0,10.0,0.02294214256107807,1.0
0.16666666666666666,0.0,6.0,1.0,1.0
0.2222222222222222,0.0,10.0,0.3790924847126007,1.0
0.3333333333333333,0.0,6.0,0.3790924847126007,1.0
0.1,0.0,1.0,0.16351567208766937,1.0
0.14285714285714285,0.01,9.0,0.30753377079963684,1.0
0.14285714285714285,0.01,4.0,0.1671413630247116,1.0
0.14285714285714285,0.0,7.0,0.11376793682575226,1.0
0.3333333333333333,84.21,7.0,0.13853982090950012,1.0
0.14285714285714285,0.0,2.0,0.16351567208766937,1.0
0.14285714285714285,0.0,4.0,0.13060028851032257,1.0
0.16666666666666666,0.0,8.0,0.2538367211818695,1.0
0.14285714285714285,0.0,5.0,0.16351567208766937,1.0
0.125,0.0,2.0,0.1843457967042923,1.0
0.2,0.0,4.0,0.09659352898597717,1.0
0.2,0.0,4.0,0.28586599230766296,1.0
0.2,0.0,5.0,0.11138637363910675,1.0
0.2,0.0,9.0,0.15055614709854126,1.0
0.2,0.0,9.0,0.12501713633537292,1.0
0.2,92.42,2.0,0.23997285962104797,1.0
0.2,0.0,7.0,0.14719916880130768,1.0
0.2,0.0,10.0,0.17441388964653015,1.0
0.2,0.0,10.0,0.23990808427333832,1.0
0.2,0.0,0.0,0.01792706362903118,1.0
0.2,95.37,2.0,0.09353920817375183,1.0
0.2,0.0,7.0,0.09677108377218246,1.0
0.16666666666666666,0.0,7.0,0.1306033581495285,1.0
0.25,0.0,9.0,0.09544189274311066,1.0
0.25,0.0,7.0,0.06093953922390938,1.0
0.25,0.0,1.0,0.06325478851795197,1.0
0.25,0.0,4.0,0.14939947426319122,1.0
0.25,20.02,6.0,0.16948865354061127,1.0
0.25,0.0,8.0,0.027395984157919884,1.0
0.25,0.0,3.0,0.09034886211156845,1.0
0.25,0.0,5.0,0.15216757357120514,1.0
0.5,68.83,0.0,0.2538367211818695,1.0
0.2,0.0,7.0,0.31185677647590637,1.0
0.16666666666666666,68.83,9.0,0.08326121419668198,1.0
0.25,68.83,1.0,0.2033136785030365,1.0
0.16666666666666666,0.0,2.0,0.08326121419668198,1.0
0.25,0.0,10.0,0.22532835602760315,1.0
0.3333333333333333,68.83,2.0,0.45299583673477173,1.0
0.3333333333333333,69.29,3.0,0.2280031144618988,1.0
0.3333333333333333,69.29,9.0,0.4343581199645996,1.0
0.3333333333333333,61.19,10.0,0.46842464804649353,1.0
0.3333333333333333,69.29,4.0,0.3468324542045593,1.0
0.3333333333333333,0.0,9.0,0.3625529706478119,1.0
0.3333333333333333,0.0,0.0,0.34336718916893005,1.0
0.3333333333333333,0.0,2.0,0.24934105575084686,1.0
0.25,0.0,6.0,0.40559157729148865,1.0
0.5,0.0,0.0,0.3443482518196106,1.0
0.2,0.0,7.0,0.12545032799243927,1.0
0.3333333333333333,0.0,4.0,0.2831898629665375,1.0
0.3333333333333333,92.42,6.0,0.22378714382648468,1.0
0.25,0.0,2.0,0.2719154357910156,1.0
0.14285714285714285,0.0,9.0,1.0,1.0
0.1111111111111111,0.0,3.0,0.42554059624671936,1.0
0.1111111111111111,0.0,9.0,0.16674450039863586,1.0
0.125,0.0,5.0,0.1301523596048355,1.0
0.1111111111111111,0.0,0.0,0.42554059624671936,1.0
0.1111111111111111,0.0,10.0,0.1760643571615219,0.0
0.14285714285714285,0.0,6.0,0.3442690670490265,1.0
0.16666666666666666,0.0,8.0,0.42504510283470154,1.0
0.14285714285714285,0.0,6.0,0.2039858102798462,1.0
0.3333333333333333,0.0,9.0,0.2071741670370102,1.0
0.14285714285714285,0.0,0.0,0.3248580992221832,1.0
0.14285714285714285,0.0,8.0,0.350018709897995,1.0
0.3333333333333333,0.0,1.0,0.23473362624645233,1.0
0.6,0.0,3.0,0.44907307624816895,1.0
0.14285714285714285,0.0,8.0,0.29838550090789795,0.0
0.14285714285714285,0.0,9.0,0.117251455783844,1.0
0.3333333333333333,0.0,6.0,0.2851059138774872,1.0
0.14285714285714285,0.0,2.0,0.3562290370464325,1.0
0.3333333333333333,0.0,10.0,0.3985848128795624,1.0
0.3333333333333333,0.0,9.0,0.24433749914169312,1.0
0.14285714285714285,0.0,5.0,0.31423288583755493,1.0
0.3333333333333333,0.0,1.0,0.42149248719215393,1.0
0.3333333333333333,0.0,8.0,0.20633438229560852,1.0
0.14285714285714285,0.0,1.0,0.18984819948673248,1.0
0.14285714285714285,92.42,2.0,0.3409736156463623,1.0
0.14285714285714285,95.37,1.0,0.23058530688285828,1.0
0.14285714285714285,0.0,5.0,0.14361704885959625,1.0
0.3333333333333333,92.42,7.0,0.3019596338272095,1.0
0.14285714285714285,95.37,3.0,0.3995760679244995,1.0
0.14285714285714285,0.0,10.0,0.13841228187084198,0.0
0.25,0.01,9.0,0.2074085921049118,1.0
0.16666666666666666,0.0,5.0,0.11337586492300034,1.0
0.25,0.0,2.0,0.1634167581796646,1.0
0.2857142857142857,0.0,2.0,0.21548499166965485,1.0
0.125,0.0,2.0,0.10065587610006332,0.0
0.14285714285714285,0.0,5.0,0.21548499166965485,1.0
0.2,0.0,3.0,0.10856608301401138,1.0
0.2,0.0,7.0,0.12669683992862701,1.0
0.2,0.0,8.0,0.12913987040519714,0.0
0.2,0.0,6.0,0.2194833904504776,1.0
0.2,0.0,0.0,0.09537755697965622,1.0
0.2,0.0,10.0,0.0850391760468483,0.0
0.2,0.0,1.0,0.26797184348106384,0.0
0.2,0.0,3.0,0.22268714010715485,1.0
0.2,0.0,7.0,0.1748204231262207,1.0
0.5,78.42,3.0,0.09231188148260117,1.0
0.2,0.0,10.0,0.27969032526016235,1.0
0.2,78.42,8.0,0.11903484165668488,0.0
0.3333333333333333,0.0,2.0,0.2670362889766693,1.0
0.16666666666666666,0.0,5.0,0.04946679621934891,1.0
0.09090909090909091,0.0,7.0,0.13841228187084198,1.0
0.3333333333333333,0.0,4.0,0.3542787730693817,1.0
0.125,0.01,2.0,0.1013583093881607,1.0
0.125,0.01,6.0,0.1448693424463272,1.0
0.125,0.01,4.0,0.14060045778751373,1.0
0.125,0.01,1.0,0.09511776268482208,1.0
0.125,0.0,5.0,0.19798344373703003,1.0
0.125,84.21,6.0,0.07280391454696655,1.0
0.1,0.0,9.0,0.2549881339073181,1.0
0.1111111111111111,0.0,7.0,0.25095051527023315,1.0
0.2222222222222222,0.0,10.0,0.12836416065692902,1.0
0.2857142857142857,0.0,2.0,0.1941075176000595,1.0
0.14285714285714285,0.0,1.0,0.4453284740447998,1.0
0.125,0.0,4.0,0.3694557547569275,1.0
0.125,0.0,6.0,0.1026686280965805,0.0
0.125,0.0,6.0,0.20636224746704102,1.0
0.125,0.0,4.0,0.13132481276988983,1.0
0.125,0.0,7.0,0.20977827906608582,1.0
0.125,0.0,6.0,0.1401820331811905,1.0
0.125,0.0,9.0,0.14270254969596863,0.0
0.125,0.0,6.0,0.005043227691203356,1.0
0.125,0.0,5.0,0.07494549453258514,1.0
0.125,0.0,10.0,0.12338503450155258,1.0
0.125,0.0,5.0,0.20356908440589905,1.0
0.125,0.0,6.0,0.15221424400806427,1.0
0.16666666666666666,68.83,7.0,0.21482881903648376,1.0
0.3333333333333333,0.0,9.0,0.1849108785390854,1.0
0.2,0.0,1.0,0.02294214256107807,1.0
0.14285714285714285,68.83,2.0,0.1849108785390854,1.0
0.14285714285714285,0.0,5.0,0.012749073095619678,1.0
0.3333333333333333,68.83,3.0,0.1849108785390854,1.0
0.25,68.83,8.0,0.2538367211818695,1.0
0.5,68.83,10.0,0.1456751972436905,1.0
0.25,0.13,1.0,0.282578706741333,1.0
0.25,0.0,5.0,0.2909093499183655,1.0
0.25,0.0,2.0,0.05760881304740906,1.0
0.25,0.0,1.0,0.16317559778690338,1.0
0.25,0.69,3.0,0.34125128388404846,1.0
0.25,68.83,2.0,0.24141857028007507,1.0
0.25,0.69,9.0,0.055713359266519547,1.0
0.25,0.69,4.0,0.09011451154947281,1.0
0.25,68.83,9.0,0.29191043972969055,1.0
0.25,68.83,0.0,0.13233602046966553,1.0
0.25,0.0,7.0,0.24665609002113342,1.0
0.25,0.0,8.0,0.1787998080253601,1.0
0.25,0.0,1.0,0.15206076204776764,1.0
0.25,68.83,2.0,0.17410266399383545,1.0
0.25,86.98,5.0,0.007265656255185604,1.0
0.25,0.0,7.0,0.12631864845752716,1.0
0.125,0.0,3.0,0.1384533941745758,1.0
0.42857142857142855,68.83,7.0,0.08326121419668198,1.0
0.16666666666666666,68.83,2.0,0.369651734828949,1.0
0.09090909090909091,68.83,7.0,0.22532835602760315,1.0
0.2,0.0,4.0,0.08326121419668198,1.0
0.2857142857142857,0.0,4.0,0.2033136785030365,1.0
0.14285714285714285,0.0,2.0,0.26928019523620605,1.0
0.1,0.0,8.0,0.31185677647590637,1.0
0.09090909090909091,68.83,8.0,0.08326121419668198,1.0
0.1,0.0,9.0,0.07142043858766556,1.0
0.1111111111111111,68.83,2.0,0.2033136785030365,1.0
0.1111111111111111,68.83,5.0,0.34157127141952515,1.0
0.09090909090909091,68.83,4.0,0.22568421065807343,1.0
0.125,0.0,6.0,0.07671697437763214,1.0
0.2222222222222222,68.83,7.0,0.07671697437763214,1.0
0.16666666666666666,68.83,6.0,0.34157127141952515,1.0
0.125,68.83,8.0,0.07671697437763214,1.0
0.2857142857142857,68.83,8.0,0.3784067630767822,1.0
0.125,68.96,5.0,0.4411993622779846,1.0
0.125,68.83,5.0,0.3873792886734009,1.0
0.125,68.83,0.0,0.3654390275478363,1.0
0.125,0.0,7.0,0.3438469171524048,1.0
0.2857142857142857,90.38,6.0,0.4045372009277344,1.0
0.3333333333333333,68.83,0.0,0.46074509620666504,1.0
0.125,68.83,3.0,0.33902090787887573,1.0
0.2857142857142857,68.83,8.0,0.5307697057723999,1.0
0.125,68.83,3.0,0.45299583673477173,1.0
0.125,68.83,9.0,0.4148644804954529,1.0
0.125,68.83,10.0,0.44900697469711304,1.0
0.125,68.83,6.0,0.32255780696868896,1.0
0.125,69.29,5.0,0.28879866003990173,1.0
0.125,0.0,8.0,0.47907617688179016,1.0
0.125,69.29,2.0,0.2280031144618988,1.0
0.125,0.0,1.0,0.26820671558380127,1.0
0.125,0.0,10.0,0.31038999557495117,1.0
0.2857142857142857,69.29,6.0,0.3282155692577362,1.0
0.125,69.29,10.0,0.4343581199645996,1.0
0.2857142857142857,68.83,8.0,0.3369959890842438,1.0
0.125,0.0,9.0,0.29237475991249084,1.0
0.125,68.83,7.0,0.41293764114379883,1.0
0.2857142857142857,0.0,6.0,0.5144357085227966,1.0
0.125,68.83,5.0,0.2831569314002991,1.0
0.2857142857142857,0.0,10.0,0.3677024245262146,1.0
0.125,69.29,5.0,0.4237440228462219,1.0
0.2857142857142857,0.0,3.0,0.31855812668800354,1.0
0.125,25.26,1.0,0.35098928213119507,1.0
0.125,90.38,6.0,0.5960778594017029,1.0
0.125,69.29,3.0,0.3468324542045593,1.0
0.125,0.0,1.0,0.4528507590293884,1.0
0.125,90.38,6.0,0.3794950842857361,1.0
0.2857142857142857,69.29,2.0,0.48706772923469543,1.0
0.2857142857142857,0.0,8.0,0.3625529706478119,1.0
0.2857142857142857,69.29,5.0,0.3966006636619568,1.0
0.125,61.19,9.0,0.5138859152793884,1.0
0.125,0.0,1.0,0.34536513686180115,1.0
0.125,69.29,5.0,0.403922975063324,1.0
0.125,69.29,8.0,0.22886164486408234,1.0
0.125,0.0,2.0,0.33554303646087646,1.0
0.125,0.0,1.0,0.34336718916893005,1.0
0.125,69.29,6.0,0.3729538023471832,1.0
0.125,68.83,10.0,0.420642614364624,1.0
0.125,68.83,8.0,0.3160676956176758,1.0
0.125,68.83,5.0,0.41836825013160706,1.0
0.2857142857142857,0.0,1.0,0.2422245442867279,1.0
0.125,68.83,9.0,0.35701897740364075,1.0
0.125,68.83,0.0,0.388166606426239,1.0
0.2857142857142857,68.83,2.0,0.34356117248535156,1.0
0.125,68.83,4.0,0.30780091881752014,1.0
0.125,68.83,5.0,0.40846356749534607,1.0
0.2857142857142857,68.83,8.0,0.32958874106407166,1.0
0.125,0.0,7.0,0.3996341824531555,1.0
0.125,68.83,8.0,0.45122355222702026,1.0
0.125,90.38,3.0,0.3161829710006714,1.0
0.125,68.83,3.0,0.45914426445961,1.0
0.125,0.0,3.0,0.24934105575084686,1.0
0.125,0.0,4.0,0.32042396068573,1.0
0.125,0.0,5.0,0.22893895208835602,1.0
0.125,61.19,5.0,0.24367301166057587,1.0
0.125,25.26,1.0,0.2436106652021408,1.0
0.125,61.19,8.0,0.3876004219055176,1.0
0.125,18.17,3.0,0.13901536166667938,1.0
0.5,0.0,0.0,0.22192902863025665,1.0
0.16666666666666666,0.0,4.0,0.22409458458423615,1.0
0.3333333333333333,89.99,10.0,0.34022313356399536,1.0
0.3333333333333333,0.0,6.0,0.20880138874053955,1.0
0.3333333333333333,0.0,5.0,0.25381705164909363,1.0
0.3333333333333333,0.0,7.0,0.2852165997028351,1.0
0.125,0.0,7.0,0.2264806181192398,1.0
0.14285714285714285,0.0,2.0,0.1888684779405594,1.0
0.14285714285714285,0.0,0.0,0.20870079100131989,1.0
0.125,0.0,1.0,0.1888684779405594,1.0
0.2,0.0,6.0,0.25478848814964294,1.0
0.2,0.0,4.0,0.18952836096286774,1.0
0.2,0.0,5.0,0.27372145652770996,1.0
0.2,0.0,7.0,0.29281848669052124,1.0
0.2,41.26,6.0,0.3925018906593323,1.0
0.2,0.0,6.0,0.3459663391113281,1.0
0.2,0.0,2.0,0.24396765232086182,1.0
0.2,90.83,5.0,0.3995760679244995,1.0
0.3333333333333333,0.0,4.0,0.0148143470287323,1.0
0.2857142857142857,0.0,7.0,0.07278282195329666,1.0
0.14285714285714285,0.0,1.0,0.0959070473909378,1.0
0.3333333333333333,0.0,10.0,0.2794781029224396,1.0
0.2222222222222222,0.0,9.0,0.2794781029224396,1.0
0.2857142857142857,0.0,7.0,0.13060028851032257,1.0
0.125,0.0,6.0,0.18176668882369995,1.0
0.125,0.0,9.0,0.2667076289653778,1.0
0.125,0.0,1.0,-0.011327496729791164,1.0
0.125,0.0,0.0,0.12403561174869537,1.0
0.2857142857142857,0.0,2.0,0.126124307513237,1.0
0.125,20.02,7.0,0.2370148003101349,1.0
0.2857142857142857,0.0,8.0,0.21121884882450104,1.0
0.125,0.0,7.0,0.196040078997612,0.0
0.2857142857142857,20.02,3.0,0.37316444516181946,1.0
0.125,0.0,5.0,0.09366528689861298,0.0
0.125,0.0,8.0,0.2600467801094055,1.0
0.125,0.0,4.0,0.1427312195301056,1.0
0.125,0.0,3.0,0.26200976967811584,1.0
0.2857142857142857,20.02,10.0,0.36274993419647217,1.0
0.125,0.0,8.0,0.1629692018032074,0.0
0.125,20.02,8.0,0.2524193823337555,0.0
0.125,0.0,9.0,0.2631797194480896,1.0
0.2857142857142857,20.02,6.0,0.30075567960739136,1.0
0.125,0.0,1.0,0.27454042434692383,1.0
0.125,0.0,0.0,0.1778915673494339,1.0
0.125,20.02,1.0,0.24807456135749817,1.0
0.125,0.0,2.0,0.15950752794742584,1.0
0.125,0.0,5.0,0.16294658184051514,0.0
0.2857142857142857,0.0,3.0,0.34256744384765625,1.0
0.125,0.0,6.0,0.5442173480987549,1.0
0.125,0.0,4.0,0.3593440055847168,1.0
0.125,20.02,8.0,0.33239200711250305,1.0
0.125,0.0,7.0,0.24044597148895264,0.0
0.125,0.0,1.0,0.11637981981039047,1.0
0.125,0.0,5.0,0.16064903140068054,1.0
0.125,0.0,4.0,0.3074915409088135,1.0
0.125,0.0,3.0,0.08536396920681,0.0
0.125,20.02,3.0,0.18222257494926453,1.0
0.2857142857142857,0.0,10.0,0.2102542519569397,1.0
0.2857142857142857,20.02,6.0,0.31835153698921204,1.0
0.5,0.0,4.0,0.191083163022995,1.0
1.0,68.83,0.0,0.5063793659210205,1.0
0.3333333333333333,0.0,6.0,0.3476705849170685,1.0
0.3333333333333333,0.0,9.0,0.47570380568504333,1.0
0.2,0.0,7.0,0.2264806181192398,1.0
0.1111111111111111,0.0,7.0,0.14162778854370117,1.0
0.14285714285714285,0.0,3.0,0.5695503950119019,1.0
0.2857142857142857,0.0,10.0,0.14162778854370117,1.0
0.16666666666666666,0.0,5.0,0.28971612453460693,1.0
0.16666666666666666,0.0,8.0,0.349403440952301,1.0
0.16666666666666666,78.42,1.0,0.24398334324359894,1.0
0.16666666666666666,0.0,8.0,0.33532896637916565,1.0
0.16666666666666666,0.0,7.0,0.3177080452442169,1.0
0.16666666666666666,0.0,4.0,0.33729374408721924,1.0
0.4,0.0,2.0,0.38023579120635986,1.0
0.16666666666666666,0.0,6.0,0.34264230728149414,1.0
0.16666666666666666,78.42,1.0,0.3319381773471832,1.0
0.16666666666666666,0.0,7.0,0.25302356481552124,1.0
0.16666666666666666,78.42,8.0,0.21886375546455383,1.0
0.16666666666666666,0.0,6.0,0.24795962870121002,1.0
0.25,0.0,9.0,0.1888684779405594,1.0
0.16666666666666666,0.0,7.0,0.22409458458423615,1.0
0.3333333333333333,0.0,2.0,0.24242225289344788,1.0
0.25,0.0,4.0,0.4190441370010376,1.0
0.25,92.42,4.0,0.515284538269043,1.0
0.25,0.0,8.0,0.4238757789134979,1.0
0.2,0.0,4.0,0.04946679621934891,1.0
0.25,0.0,0.0,0.25095051527023315,1.0
0.2222222222222222,0.0,9.0,0.13841228187084198,1.0
0.2222222222222222,0.0,1.0,0.0148143470287323,1.0
0.125,0.01,2.0,0.11584463715553284,1.0
0.125,0.01,5.0,0.1317761391401291,1.0
0.125,0.01,10.0,0.1188775822520256,1.0
0.125,0.01,4.0,0.1448693424463272,1.0
0.125,0.01,9.0,0.0810324177145958,1.0
0.125,0.01,9.0,0.09511776268482208,1.0
0.2857142857142857,84.21,6.0,0.11190036684274673,1.0
0.125,84.21,4.0,0.07280391454696655,1.0
0.125,0.0,7.0,0.16297011077404022,1.0
0.2222222222222222,0.0,9.0,0.2719154357910156,1.0
0.14285714285714285,0.0,8.0,0.2580735683441162,1.0
0.14285714285714285,0.0,9.0,0.31687265634536743,1.0
0.14285714285714285,0.0,5.0,0.26142147183418274,1.0
0.14285714285714285,0.0,8.0,0.24496904015541077,1.0
0.14285714285714285,0.0,1.0,0.42066794633865356,1.0
0.14285714285714285,0.0,3.0,0.19350604712963104,1.0
0.14285714285714285,0.0,10.0,0.14605772495269775,1.0
0.14285714285714285,0.0,10.0,0.45248982310295105,1.0
0.14285714285714285,0.0,0.0,0.33296382427215576,1.0
0.14285714285714285,0.0,3.0,0.35638633370399475,1.0
0.14285714285714285,0.0,1.0,0.22588472068309784,1.0
0.14285714285714285,0.0,9.0,0.37144935131073,1.0
0.14285714285714285,0.0,3.0,0.3523997962474823,1.0
0.14285714285714285,0.0,10.0,0.2357863038778305,1.0
0.14285714285714285,0.0,3.0,0.19849203526973724,1.0
0.14285714285714285,0.0,5.0,0.32116183638572693,1.0
0.14285714285714285,95.37,3.0,0.32490161061286926,1.0
0.125,0.0,5.0,0.3636879324913025,1.0
0.16666666666666666,0.0,10.0,-0.037445466965436935,1.0
0.2,89.99,2.0,0.13522256910800934,1.0
0.2,0.0,1.0,0.1519489735364914,1.0
0.2,89.99,4.0,0.18609128892421722,1.0
0.2,0.0,4.0,0.2427646368741989,1.0
0.5,0.0,8.0,0.08201733976602554,1.0
0.2,0.0,10.0,0.24568070471286774,1.0
0.2,0.0,10.0,0.11221373826265335,1.0
0.2,89.99,7.0,0.1138346865773201,1.0
0.16666666666666666,68.83,3.0,0.18177436292171478,1.0
0.16666666666666666,0.0,4.0,0.06841152906417847,1.0
0.16666666666666666,0.0,9.0,0.1634167581796646,1.0
0.25,0.0,7.0,0.0959070473909378,1.0
0.3333333333333333,68.83,2.0,0.2264806181192398,1.0
0.25,68.83,8.0,0.4089988172054291,1.0
0.25,69.29,4.0,0.5373850464820862,1.0
0.25,0.0,7.0,0.37859562039375305,1.0
0.25,0.0,1.0,0.4764559864997864,1.0
0.25,68.83,10.0,0.3511483669281006,1.0
0.25,68.83,7.0,0.39395952224731445,1.0
0.25,0.0,3.0,0.3724924623966217,1.0
0.25,69.29,7.0,0.3250333368778229,1.0
0.25,68.83,8.0,0.3235129714012146,1.0
0.25,0.0,10.0,0.38164788484573364,1.0
0.25,0.0,9.0,0.3285389244556427,1.0
0.25,69.29,5.0,0.3210480511188507,1.0
0.25,68.83,2.0,0.41912439465522766,1.0
0.25,0.0,9.0,0.4146786332130432,1.0
0.6666666666666666,25.26,0.0,0.4028567373752594,1.0
0.25,90.38,9.0,0.3573437035083771,1.0
0.25,39.38,6.0,0.2714858055114746,1.0
0.25,18.17,10.0,0.18391568958759308,1.0
0.14285714285714285,0.0,6.0,0.42554059624671936,1.0
0.16666666666666666,0.0,10.0,0.42554059624671936,1.0
0.14285714285714285,0.0,2.0,0.35715022683143616,1.0
0.14285714285714285,0.0,9.0,0.42554059624671936,1.0
0.14285714285714285,0.0,1.0,0.1760643571615219,1.0
0.6666666666666666,0.0,7.0,0.11337586492300034,1.0
0.2,0.0,3.0,0.3442690670490265,1.0
0.2,0.0,6.0,0.2573397159576416,1.0
0.2,0.0,0.0,0.2071741670370102,1.0
0.2,0.0,7.0,0.3428501784801483,1.0
0.2,0.0,5.0,0.37676894664764404,1.0
0.2,0.0,10.0,0.23473362624645233,1.0
0.2,0.0,2.0,0.23986311256885529,1.0
0.2,0.0,1.0,0.29838550090789795,1.0
0.2,0.0,0.0,0.117251455783844,1.0
0.2,0.0,3.0,0.2851059138774872,1.0
0.2,0.0,8.0,0.3669893443584442,1.0
0.2,92.42,5.0,0.2783193588256836,1.0
0.2,0.0,1.0,0.3985848128795624,1.0
0.2,0.0,0.0,0.24433749914169312,1.0
0.2,0.0,1.0,0.20633438229560852,1.0
0.2,0.0,3.0,0.28286248445510864,1.0
0.2,0.0,5.0,0.19414609670639038,1.0
0.2,0.0,3.0,0.31872043013572693,1.0
0.2,0.0,8.0,0.3011642396450043,1.0
0.2,0.0,6.0,0.26322272419929504,1.0
0.2,92.42,7.0,0.3409736156463623,1.0
0.2,0.0,4.0,0.14361704885959625,1.0
0.2,92.42,2.0,0.3019596338272095,1.0
0.2,95.37,6.0,0.3995760679244995,1.0
0.1111111111111111,0.0,6.0,0.17680281400680542,1.0
0.1111111111111111,0.0,8.0,0.40559157729148865,1.0
0.1111111111111111,0.0,3.0,1.0,1.0
0.25,0.0,7.0,0.2503111958503723,1.0
0.14285714285714285,0.0,5.0,0.42554059624671936,1.0
0.14285714285714285,0.0,3.0,0.5048628449440002,1.0
0.14285714285714285,0.0,4.0,0.21642138063907623,1.0
0.14285714285714285,0.0,4.0,0.35554248094558716,1.0
0.14285714285714285,0.0,0.0,0.2774064242839813,1.0
0.14285714285714285,0.0,3.0,0.27783018350601196,1.0
0.14285714285714285,0.0,10.0,0.40776073932647705,0.0
0.14285714285714285,0.0,8.0,0.2704707086086273,1.0
0.14285714285714285,0.0,6.0,0.33447667956352234,1.0
0.14285714285714285,0.0,2.0,0.309179425239563,1.0
0.3333333333333333,92.42,4.0,0.39880481362342834,1.0
0.14285714285714285,0.0,7.0,0.286661297082901,1.0
0.14285714285714285,0.0,0.0,0.3087967336177826,1.0
0.14285714285714285,0.0,2.0,0.2362685352563858,1.0
0.14285714285714285,0.0,3.0,0.3822261691093445,0.0
0.14285714285714285,0.0,2.0,0.3028881847858429,1.0
0.3333333333333333,92.42,1.0,0.2684665322303772,1.0
0.14285714285714285,0.0,2.0,0.2356111705303192,1.0
0.14285714285714285,95.37,0.0,0.3491484522819519,1.0
0.125,0.0,5.0,0.11859281361103058,1.0
0.1111111111111111,0.0,7.0,0.10254927724599838,1.0
0.09090909090909091,0.0,10.0,0.15407760441303253,0.0
0.09090909090909091,0.0,4.0,-0.037445466965436935,1.0
0.16666666666666666,0.0,6.0,0.12836416065692902,1.0
0.125,0.0,3.0,0.15407760441303253,1.0
0.1111111111111111,0.0,8.0,0.15407760441303253,0.0
0.2857142857142857,0.0,1.0,0.15330323576927185,1.0
0.2857142857142857,0.0,5.0,0.17962545156478882,1.0
0.125,0.0,10.0,0.24964618682861328,1.0
0.125,0.0,1.0,0.4187070429325104,1.0
0.125,0.0,3.0,0.40563493967056274,1.0
0.125,0.0,3.0,0.21118846535682678,1.0
0.125,0.0,8.0,0.16135942935943604,1.0
0.125,0.0,5.0,0.2972255349159241,1.0
0.125,0.0,8.0,0.17245446145534515,1.0
0.125,0.0,5.0,0.2798123359680176,1.0
0.2857142857142857,0.0,9.0,0.08506926894187927,1.0
0.125,0.0,5.0,0.2938401699066162,1.0
0.125,0.0,5.0,0.27583959698677063,1.0
0.2857142857142857,0.0,0.0,0.2262471616268158,1.0
0.125,0.0,7.0,0.27023181319236755,1.0
0.14285714285714285,0.0,6.0,0.05205772444605827,1.0
0.125,0.0,5.0,0.5666634440422058,1.0
0.125,0.0,1.0,0.1456751972436905,1.0
0.16666666666666666,0.0,3.0,0.5666634440422058,1.0
0.2,0.0,6.0,0.4435308873653412,1.0
0.2,0.0,2.0,0.4104709029197693,1.0
0.2,0.0,3.0,0.3144700825214386,1.0
0.2,0.0,10.0,0.3859942555427551,1.0
0.2,0.0,5.0,0.41736140847206116,1.0
0.2857142857142857,0.0,8.0,0.06841152906417847,1.0
0.16666666666666666,0.0,4.0,0.41390272974967957,1.0
0.14285714285714285,0.0,2.0,0.12357107549905777,1.0
0.2,0.0,8.0,0.1865312159061432,1.0
0.14285714285714285,0.0,3.0,0.13208667933940887,0.0
0.16666666666666666,0.0,10.0,0.18472178280353546,1.0
0.14285714285714285,0.0,10.0,0.09621899574995041,0.0
0.25,0.01,7.0,0.12361995875835419,1.0
0.25,0.01,4.0,0.11462856084108353,1.0
0.25,0.01,1.0,0.16031640768051147,1.0
0.25,0.01,3.0,0.1727309376001358,1.0
0.25,84.21,3.0,0.11068429052829742,1.0
0.09090909090909091,0.0,9.0,0.5666634440422058,1.0
0.375,0.0,6.0,0.5666634440422058,1.0
0.2222222222222222,0.0,8.0,0.9999999403953552,1.0
0.1,0.0,9.0,0.24033206701278687,1.0
0.375,0.0,7.0,0.04312128946185112,1.0
0.09090909090909091,0.0,8.0,0.24033206701278687,1.0
0.16666666666666666,0.0,1.0,0.06841152906417847,1.0
0.1,0.0,0.0,0.04312128946185112,1.0
0.125,0.0,1.0,0.36572691798210144,1.0
0.125,0.0,5.0,0.3045627772808075,1.0
0.2857142857142857,0.0,3.0,0.3080262839794159,1.0
0.125,0.0,2.0,0.4741279184818268,1.0
0.125,41.26,8.0,0.30374038219451904,1.0
0.2857142857142857,41.26,1.0,0.45222747325897217,1.0
0.125,41.26,2.0,0.37449008226394653,1.0
0.125,41.26,10.0,0.48286083340644836,1.0
0.125,41.26,1.0,0.38660135865211487,1.0
0.125,41.26,3.0,0.24757778644561768,1.0
0.125,0.0,1.0,0.41074761748313904,1.0
0.125,0.0,6.0,0.12701238691806793,1.0
0.16666666666666666,68.83,10.0,0.08251561224460602,1.0
0.125,0.0,1.0,0.08251561224460602,1.0
0.125,0.0,9.0,0.06091359630227089,1.0
0.2,0.0,7.0,0.13208667933940887,0.0
0.14285714285714285,0.0,5.0,0.09415822476148605,1.0
0.14285714285714285,0.0,6.0,0.24875564873218536,1.0
0.16666666666666666,68.83,1.0,0.13208667933940887,1.0
0.25,0.0,8.0,0.08251561224460602,0.0
0.3333333333333333,68.83,2.0,0.13872499763965607,1.0
0.3333333333333333,68.83,9.0,0.06091359630227089,1.0
0.25,68.83,5.0,0.02173640951514244,1.0
0.14285714285714285,68.83,10.0,0.18472178280353546,0.0
0.2,68.83,7.0,0.06091359630227089,1.0
0.2,0.0,6.0,0.1384533941745758,1.0
0.2,69.26,9.0,-0.053004711866378784,1.0
0.2,68.96,8.0,0.03491493687033653,0.0
0.2,68.83,0.0,-0.004065454471856356,1.0
0.2,68.83,6.0,0.15518081188201904,1.0
0.2,68.83,7.0,0.10180941969156265,1.0
0.2,68.83,3.0,0.12234727293252945,1.0
0.2,69.29,5.0,0.19762340188026428,1.0
0.2,69.29,7.0,0.12471017986536026,1.0
0.2,0.0,7.0,0.14272627234458923,0.0
0.2,0.0,7.0,0.1789976805448532,1.0
0.2,69.29,8.0,0.21094337105751038,1.0
0.2,0.0,5.0,0.09442324936389923,1.0
0.2,68.83,8.0,0.2372238039970398,1.0
0.2,68.83,5.0,0.16489389538764954,1.0
0.2,68.83,0.0,0.07228812575340271,1.0
0.2,0.0,2.0,0.12815964221954346,1.0
0.2,18.17,3.0,0.1796775460243225,1.0
0.2,25.26,4.0,0.1409078985452652,1.0
0.16666666666666666,68.83,3.0,0.1272786557674408,1.0
0.14285714285714285,0.0,9.0,0.1272786557674408,1.0
0.1111111111111111,68.83,6.0,0.9999998807907104,1.0
0.1111111111111111,0.0,3.0,0.17637936770915985,1.0
0.5,0.0,0.0,0.25240737199783325,1.0
0.16666666666666666,0.0,1.0,0.25240737199783325,1.0
0.16666666666666666,0.0,2.0,0.17637936770915985,1.0
0.16666666666666666,0.0,7.0,0.3533604145050049,1.0
0.2,0.0,7.0,0.3329012095928192,1.0
0.16666666666666666,0.69,5.0,0.3335392475128174,1.0
0.16666666666666666,68.83,6.0,0.30299490690231323,1.0
0.16666666666666666,0.69,9.0,0.3087332546710968,1.0
0.16666666666666666,68.83,1.0,0.1933804750442505,1.0
0.16666666666666666,68.83,5.0,0.33603915572166443,1.0
0.16666666666666666,68.83,8.0,0.37663495540618896,1.0
0.16666666666666666,0.0,5.0,0.36906176805496216,1.0
0.16666666666666666,0.0,10.0,0.3495981693267822,1.0
0.16666666666666666,93.73,6.0,0.4185253083705902,1.0
0.16666666666666666,85.42,7.0,0.2943164110183716,1.0
0.2222222222222222,0.0,9.0,0.27297550439834595,1.0
0.1,0.0,10.0,0.20106060802936554,1.0
0.2222222222222222,0.0,7.0,0.07278282195329666,1.0
0.14285714285714285,0.0,6.0,0.09621899574995041,0.0
0.3333333333333333,0.0,7.0,0.09185002744197845,1.0
0.125,0.0,7.0,0.22417579591274261,1.0
0.125,0.0,6.0,0.22700239717960358,1.0
0.2857142857142857,0.0,4.0,0.30131348967552185,1.0
0.125,0.0,7.0,0.16213206946849823,1.0
0.125,0.0,9.0,0.22041329741477966,1.0
0.125,0.0,8.0,0.29559025168418884,1.0
0.2857142857142857,0.0,4.0,0.3109540641307831,1.0
0.2857142857142857,0.0,1.0,0.1748540848493576,1.0
0.125,0.0,6.0,0.23841780424118042,1.0
0.125,0.0,2.0,0.25803154706954956,1.0
0.125,0.0,6.0,1.0,1.0
0.125,0.0,9.0,0.24703696370124817,1.0
0.1,0.0,7.0,0.4453284740447998,1.0
0.1111111111111111,0.0,10.0,0.1941075176000595,0.0
0.14285714285714285,0.0,5.0,0.05205772444605827,1.0
0.2,0.0,6.0,0.1306033581495285,1.0
0.125,0.0,7.0,0.04946679621934891,0.0
0.5,0.0,9.0,0.25095051527023315,1.0
0.125,0.0,3.0,0.09677108377218246,1.0
0.125,0.0,1.0,0.19479042291641235,1.0
0.125,0.0,10.0,0.13323573768138885,1.0
0.125,0.0,2.0,0.2270250767469406,1.0
0.125,0.0,1.0,0.1568271815776825,1.0
0.125,0.0,10.0,0.11903291940689087,1.0
0.125,0.0,7.0,0.12147608399391174,1.0
0.125,0.0,4.0,0.09938697516918182,1.0
0.2857142857142857,0.0,6.0,0.07962685078382492,1.0
0.2857142857142857,0.0,4.0,0.07536670565605164,1.0
0.125,0.0,3.0,0.28983569145202637,1.0
0.2857142857142857,20.02,7.0,0.23626300692558289,1.0
0.125,20.02,1.0,0.1296921670436859,1.0
0.2857142857142857,0.0,1.0,0.1453704982995987,1.0
0.2857142857142857,0.0,3.0,0.18701349198818207,1.0
0.125,20.02,6.0,0.07812874764204025,1.0
0.125,20.02,3.0,0.16574078798294067,1.0
0.125,20.02,4.0,0.16948865354061127,1.0
0.125,20.02,2.0,0.11775922030210495,1.0
0.125,0.0,3.0,0.09373413026332855,1.0
0.125,0.0,1.0,0.21060070395469666,1.0
0.125,0.0,1.0,0.13949641585350037,1.0
0.125,0.0,2.0,0.17028240859508514,1.0
0.125,0.0,3.0,0.13953661918640137,0.0
0.125,0.0,1.0,0.1379203498363495,1.0
0.2857142857142857,20.02,1.0,0.04334064573049545,1.0
0.125,20.02,10.0,0.10861850529909134,1.0
0.14285714285714285,0.0,7.0,0.1843457967042923,1.0
0.5,0.0,5.0,0.24703696370124817,1.0
0.25,0.0,6.0,0.178605854511261,1.0
0.25,0.0,3.0,0.3723013699054718,1.0
0.14285714285714285,0.0,3.0,0.1941075176000595,1.0
0.25,0.0,9.0,0.3542787730693817,1.0
0.14285714285714285,0.0,3.0,0.09677108377218246,1.0
0.16666666666666666,0.0,6.0,0.2549881339073181,1.0
0.25,0.0,10.0,0.12098399549722672,1.0
0.25,0.0,8.0,0.10843797028064728,1.0
0.25,0.0,5.0,0.10249065607786179,1.0
0.25,0.0,8.0,0.05783085897564888,1.0
0.25,0.0,2.0,0.1740935891866684,1.0
0.25,0.0,3.0,0.15296396613121033,1.0
0.25,78.42,1.0,0.243684321641922,1.0
0.1111111111111111,68.83,7.0,0.2926487922668457,1.0
0.25,68.83,4.0,0.26928019523620605,1.0
0.1111111111111111,0.0,4.0,0.11180928349494934,1.0
0.16666666666666666,0.0,1.0,0.5695503950119019,1.0
0.14285714285714285,0.0,8.0,0.4471697211265564,1.0
0.14285714285714285,0.66,4.0,0.33714359998703003,1.0
0.14285714285714285,68.83,9.0,0.2628927528858185,1.0
0.14285714285714285,0.0,8.0,0.39199867844581604,1.0
0.14285714285714285,68.83,6.0,0.3906192183494568,1.0
0.3333333333333333,0.69,10.0,0.2769888639450073,1.0
0.14285714285714285,0.0,8.0,0.3099379241466522,1.0
0.14285714285714285,0.0,9.0,0.3312702178955078,1.0
0.14285714285714285,0.0,9.0,0.3058253228664398,1.0
0.14285714285714285,68.83,10.0,0.19279195368289948,1.0
0.14285714285714285,0.69,8.0,0.283895343542099,1.0
0.14285714285714285,0.0,8.0,0.31721025705337524,1.0
0.14285714285714285,93.73,3.0,0.23057234287261963,1.0
0.14285714285714285,0.0,0.0,0.2840293049812317,1.0
0.25,0.0,10.0,0.04312128946185112,1.0
0.16666666666666666,0.0,3.0,0.2840293049812317,1.0
0.25,0.0,2.0,0.28001639246940613,1.0
0.25,0.0,1.0,0.40297171473503113,1.0
0.25,0.0,8.0,0.429629921913147,1.0
0.25,0.0,6.0,0.21494822204113007,0.0
0.25,0.0,3.0,0.372149258852005,1.0
0.25,0.0,0.0,0.3801850974559784,1.0
0.6666666666666666,78.42,1.0,0.41213178634643555,1.0
0.25,0.0,1.0,0.3531980514526367,1.0
0.25,0.0,10.0,0.30080658197402954,1.0
0.25,78.42,6.0,0.3974253237247467,1.0
0.2,0.0,6.0,0.11612804979085922,1.0
0.5,0.0,5.0,0.19479042291641235,1.0
0.2,0.0,8.0,0.2270250767469406,1.0
0.2,0.0,4.0,0.11903291940689087,1.0
0.2,0.0,6.0,0.04894444718956947,1.0
0.2,0.0,9.0,0.28983569145202637,1.0
0.2,0.0,3.0,0.18701349198818207,1.0
0.2,0.0,1.0,0.19076818227767944,1.0
0.2,0.0,6.0,0.07818514853715897,1.0
0.2,0.0,4.0,0.14833948016166687,1.0
0.2,0.0,3.0,0.09373413026332855,1.0
0.2,20.02,0.0,0.1792878657579422,1.0
0.2,0.0,9.0,0.13953661918640137,1.0
0.2,0.0,6.0,0.1660110056400299,1.0
0.2,20.02,5.0,0.04334064573049545,1.0
0.125,0.0,10.0,0.17680281400680542,1.0
0.2222222222222222,0.0,2.0,0.16674450039863586,1.0
0.14285714285714285,0.0,0.0,0.17487846314907074,1.0
0.14285714285714285,0.0,7.0,0.2173226773738861,1.0
0.3333333333333333,0.0,3.0,0.24988706409931183,1.0
0.16666666666666666,0.0,1.0,0.14426064491271973,1.0
0.14285714285714285,0.0,2.0,0.1517983078956604,0.0
0.14285714285714285,0.0,6.0,0.23218943178653717,1.0
0.3333333333333333,0.0,3.0,0.21891999244689941,1.0
0.3333333333333333,0.0,0.0,0.09153217077255249,1.0
0.3333333333333333,0.0,10.0,0.19053922593593597,1.0
0.14285714285714285,0.0,9.0,0.3298919200897217,1.0
0.14285714285714285,0.0,5.0,0.1392887681722641,1.0
0.14285714285714285,0.0,5.0,0.19124189019203186,1.0
0.3333333333333333,0.0,8.0,0.10015618801116943,1.0
0.14285714285714285,0.0,0.0,0.034616097807884216,1.0
0.14285714285714285,0.0,8.0,0.10492467880249023,1.0
0.14285714285714285,92.42,2.0,0.22351154685020447,1.0
0.3333333333333333,92.42,5.0,0.3379683792591095,1.0
0.14285714285714285,0.0,6.0,0.11225821077823639,1.0
0.14285714285714285,0.0,9.0,0.13403049111366272,1.0
0.14285714285714285,0.0,2.0,0.21901725232601166,1.0
0.3333333333333333,0.0,2.0,0.05667397379875183,1.0
0.14285714285714285,0.0,6.0,0.18200041353702545,1.0
0.14285714285714285,0.0,3.0,0.22887969017028809,1.0
0.14285714285714285,0.0,8.0,0.25392231345176697,1.0
0.14285714285714285,0.0,6.0,0.09773290157318115,0.0
0.14285714285714285,95.37,8.0,0.1433584988117218,1.0
0.3333333333333333,0.0,4.0,0.18124952912330627,1.0
0.14285714285714285,95.37,6.0,0.1906059980392456,1.0
0.1111111111111111,0.0,5.0,0.24033206701278687,1.0
